0 verbose cli D:\nodejs\node.exe D:\nvm\nvm\v22.20.0\node_modules\npm\bin\npm-cli.js
1 info using npm@10.9.3
2 info using node@v22.20.0
3 silly config load:file:D:\nvm\nvm\v22.20.0\node_modules\npm\npmrc
4 silly config load:file:E:\wokSpace\viewweb\sc-datav\.npmrc
5 silly config load:file:C:\Users\aw\.npmrc
6 silly config load:file:D:\nvm\nvm\node_global\etc\npmrc
7 verbose title npm exec @gltf-transform/cli inspect e:\wokSpace\viewweb\sc-datav\dist\model\glb\turbine.glb
8 verbose argv "exec" "--yes" "--" "@gltf-transform/cli" "inspect" "e:\\wokSpace\\viewweb\\sc-datav\\dist\\model\\glb\\turbine.glb"
9 verbose logfile logs-max:10 dir:e:\wokSpace\viewweb\sc-datav\.npm-tmp\_logs\2026-08-29T08_02_44_349Z-
10 verbose logfile e:\wokSpace\viewweb\sc-datav\.npm-tmp\_logs\2026-08-29T08_02_44_349Z-debug-0.log
11 silly logfile done cleaning log files
12 silly packumentCache heap:4345298944 maxSize:1086324736 maxEntrySize:543162368
13 http fetch GET 200 https://registry.npmmirror.com/npm 334ms
14 http fetch GET 200 https://registry.npmmirror.com/@gltf-transform%2fcli 416ms (cache miss)
15 silly packumentCache heap:4345298944 maxSize:1086324736 maxEntrySize:543162368
16 silly packumentCache heap:4345298944 maxSize:1086324736 maxEntrySize:543162368
17 silly idealTree buildDeps
18 silly fetch manifest @gltf-transform/cli@4.4.2
19 silly packumentCache full:https://registry.npmmirror.com/@gltf-transform%2fcli cache-miss
20 http fetch GET 200 https://registry.npmmirror.com/@gltf-transform%2fcli 162ms (cache miss)
21 silly packumentCache full:https://registry.npmmirror.com/@gltf-transform%2fcli set size:160187 disposed:false
22 silly placeDep ROOT @gltf-transform/cli@4.4.2 OK for:  want: 4.4.2
23 silly fetch manifest @donmccurdy/caporal@~0.0.10
24 silly packumentCache full:https://registry.npmmirror.com/@donmccurdy%2fcaporal cache-miss
25 silly fetch manifest @gltf-transform/core@^4.4.2
26 silly packumentCache full:https://registry.npmmirror.com/@gltf-transform%2fcore cache-miss
27 silly fetch manifest @gltf-transform/extensions@^4.4.2
28 silly packumentCache full:https://registry.npmmirror.com/@gltf-transform%2fextensions cache-miss
29 silly fetch manifest @gltf-transform/functions@^4.4.2
30 silly packumentCache full:https://registry.npmmirror.com/@gltf-transform%2ffunctions cache-miss
31 silly fetch manifest @types/language-tags@~1.0.4
32 silly packumentCache full:https://registry.npmmirror.com/@types%2flanguage-tags cache-miss
33 silly fetch manifest @types/micromatch@~4.0.10
34 silly packumentCache full:https://registry.npmmirror.com/@types%2fmicromatch cache-miss
35 silly fetch manifest @types/node-fetch@~2.6.13
36 silly packumentCache full:https://registry.npmmirror.com/@types%2fnode-fetch cache-miss
37 silly fetch manifest @types/prompts@^2.4.9
38 silly packumentCache full:https://registry.npmmirror.com/@types%2fprompts cache-miss
39 silly fetch manifest @types/tmp@~0.2.6
40 silly packumentCache full:https://registry.npmmirror.com/@types%2ftmp cache-miss
41 silly fetch manifest cli-table3@~0.6.5
42 silly packumentCache full:https://registry.npmmirror.com/cli-table3 cache-miss
43 silly fetch manifest csv-stringify@~6.6.0
44 silly packumentCache full:https://registry.npmmirror.com/csv-stringify cache-miss
45 silly fetch manifest draco3dgltf@~1.5.7
46 silly packumentCache full:https://registry.npmmirror.com/draco3dgltf cache-miss
47 silly fetch manifest gltf-validator@~2.0.0-dev.3.10
48 silly packumentCache full:https://registry.npmmirror.com/gltf-validator cache-miss
49 silly fetch manifest keyframe-resample@~0.1.0
50 silly packumentCache full:https://registry.npmmirror.com/keyframe-resample cache-miss
51 silly fetch manifest ktx-parse@^1.1.0
52 silly packumentCache full:https://registry.npmmirror.com/ktx-parse cache-miss
53 silly fetch manifest language-tags@^2.1.0
54 silly packumentCache full:https://registry.npmmirror.com/language-tags cache-miss
55 silly fetch manifest listr2@~8.3.3
56 silly packumentCache full:https://registry.npmmirror.com/listr2 cache-miss
57 silly fetch manifest meshoptimizer@~1.0.1
58 silly packumentCache full:https://registry.npmmirror.com/meshoptimizer cache-miss
59 silly fetch manifest micromatch@~4.0.8
60 silly packumentCache full:https://registry.npmmirror.com/micromatch cache-miss
61 http fetch GET 200 https://registry.npmmirror.com/@donmccurdy%2fcaporal 258ms (cache miss)
62 silly packumentCache full:https://registry.npmmirror.com/@donmccurdy%2fcaporal set size:5063 disposed:false
63 silly fetch manifest mikktspace@~1.1.1
64 silly packumentCache full:https://registry.npmmirror.com/mikktspace cache-miss
65 http fetch GET 200 https://registry.npmmirror.com/@types%2flanguage-tags 291ms (cache miss)
66 silly packumentCache full:https://registry.npmmirror.com/@types%2flanguage-tags set size:4084 disposed:false
67 silly fetch manifest node-fetch@~3.3.2
68 silly packumentCache full:https://registry.npmmirror.com/node-fetch cache-miss
69 http fetch GET 200 https://registry.npmmirror.com/@types%2fmicromatch 394ms (cache miss)
70 silly packumentCache full:https://registry.npmmirror.com/@types%2fmicromatch set size:10439 disposed:false
71 silly fetch manifest prompts@^2.4.2
72 silly packumentCache full:https://registry.npmmirror.com/prompts cache-miss
73 http fetch GET 200 https://registry.npmmirror.com/@types%2fnode-fetch 470ms (cache miss)
74 silly packumentCache full:https://registry.npmmirror.com/@types%2fnode-fetch set size:21937 disposed:false
75 silly fetch manifest sharp@~0.34.5
76 silly packumentCache full:https://registry.npmmirror.com/sharp cache-miss
77 http fetch GET 200 https://registry.npmmirror.com/cli-table3 499ms (cache miss)
78 silly packumentCache full:https://registry.npmmirror.com/cli-table3 set size:10558 disposed:false
79 silly fetch manifest tmp@~0.2.5
80 silly packumentCache full:https://registry.npmmirror.com/tmp cache-miss
81 http fetch GET 200 https://registry.npmmirror.com/@gltf-transform%2ffunctions 533ms (cache miss)
82 silly packumentCache full:https://registry.npmmirror.com/@gltf-transform%2ffunctions set size:106005 disposed:false
83 silly fetch manifest watlas@^1.0.1
84 silly packumentCache full:https://registry.npmmirror.com/watlas cache-miss
85 http fetch GET 200 https://registry.npmmirror.com/@gltf-transform%2fextensions 540ms (cache miss)
86 silly packumentCache full:https://registry.npmmirror.com/@gltf-transform%2fextensions set size:143344 disposed:false
87 http fetch GET 200 https://registry.npmmirror.com/meshoptimizer 547ms (cache miss)
88 silly packumentCache full:https://registry.npmmirror.com/meshoptimizer set size:23766 disposed:false
89 http fetch GET 200 https://registry.npmmirror.com/@gltf-transform%2fcore 552ms (cache miss)
90 silly packumentCache full:https://registry.npmmirror.com/@gltf-transform%2fcore set size:157057 disposed:false
91 http fetch GET 200 https://registry.npmmirror.com/mikktspace 326ms (cache miss)
92 silly packumentCache full:https://registry.npmmirror.com/mikktspace set size:11540 disposed:false
93 http fetch GET 200 https://registry.npmmirror.com/keyframe-resample 636ms (cache miss)
94 silly packumentCache full:https://registry.npmmirror.com/keyframe-resample set size:11504 disposed:false
95 http fetch GET 200 https://registry.npmmirror.com/@types%2fprompts 638ms (cache miss)
96 silly packumentCache full:https://registry.npmmirror.com/@types%2fprompts set size:12902 disposed:false
97 http fetch GET 200 https://registry.npmmirror.com/language-tags 644ms (cache miss)
98 silly packumentCache full:https://registry.npmmirror.com/language-tags set size:10884 disposed:false
99 http fetch GET 200 https://registry.npmmirror.com/@types%2ftmp 658ms (cache miss)
100 silly packumentCache full:https://registry.npmmirror.com/@types%2ftmp set size:8873 disposed:false
101 http fetch GET 200 https://registry.npmmirror.com/draco3dgltf 659ms (cache miss)
102 silly packumentCache full:https://registry.npmmirror.com/draco3dgltf set size:11938 disposed:false
103 http fetch GET 200 https://registry.npmmirror.com/ktx-parse 689ms (cache miss)
104 silly packumentCache full:https://registry.npmmirror.com/ktx-parse set size:19323 disposed:false
105 http fetch GET 200 https://registry.npmmirror.com/csv-stringify 698ms (cache miss)
106 silly packumentCache full:https://registry.npmmirror.com/csv-stringify set size:48952 disposed:false
107 http fetch GET 200 https://registry.npmmirror.com/gltf-validator 703ms (cache miss)
108 silly packumentCache full:https://registry.npmmirror.com/gltf-validator set size:19910 disposed:false
109 http fetch GET 200 https://registry.npmmirror.com/micromatch 720ms (cache miss)
110 silly packumentCache full:https://registry.npmmirror.com/micromatch set size:39386 disposed:false
111 http fetch GET 200 https://registry.npmmirror.com/prompts 360ms (cache miss)
112 silly packumentCache full:https://registry.npmmirror.com/prompts set size:18712 disposed:false
113 http fetch GET 200 https://registry.npmmirror.com/tmp 258ms (cache miss)
114 silly packumentCache full:https://registry.npmmirror.com/tmp set size:16799 disposed:false
115 http fetch GET 200 https://registry.npmmirror.com/node-fetch 484ms (cache miss)
116 silly packumentCache full:https://registry.npmmirror.com/node-fetch set size:63386 disposed:false
117 http fetch GET 200 https://registry.npmmirror.com/sharp 322ms (cache miss)
118 silly packumentCache full:https://registry.npmmirror.com/sharp set size:139621 disposed:false
119 http fetch GET 200 https://registry.npmmirror.com/listr2 851ms (cache miss)
120 silly packumentCache full:https://registry.npmmirror.com/listr2 set size:135875 disposed:false
121 http fetch GET 200 https://registry.npmmirror.com/watlas 324ms (cache miss)
122 silly packumentCache full:https://registry.npmmirror.com/watlas set size:4783 disposed:false
123 silly placeDep ROOT @donmccurdy/caporal@0.0.10 OK for: @gltf-transform/cli@4.4.2 want: ~0.0.10
124 silly placeDep ROOT @gltf-transform/core@4.4.2 OK for: @gltf-transform/cli@4.4.2 want: ^4.4.2
125 silly placeDep ROOT @gltf-transform/extensions@4.4.2 OK for: @gltf-transform/cli@4.4.2 want: ^4.4.2
126 silly placeDep ROOT @gltf-transform/functions@4.4.2 OK for: @gltf-transform/cli@4.4.2 want: ^4.4.2
127 silly placeDep ROOT @types/language-tags@1.0.4 OK for: @gltf-transform/cli@4.4.2 want: ~1.0.4
128 silly placeDep ROOT @types/micromatch@4.0.10 OK for: @gltf-transform/cli@4.4.2 want: ~4.0.10
129 silly placeDep ROOT @types/node-fetch@2.6.13 OK for: @gltf-transform/cli@4.4.2 want: ~2.6.13
130 silly placeDep ROOT @types/prompts@2.4.9 OK for: @gltf-transform/cli@4.4.2 want: ^2.4.9
131 silly placeDep ROOT @types/tmp@0.2.6 OK for: @gltf-transform/cli@4.4.2 want: ~0.2.6
132 silly placeDep ROOT cli-table3@0.6.5 OK for: @gltf-transform/cli@4.4.2 want: ~0.6.5
133 silly placeDep ROOT csv-stringify@6.6.0 OK for: @gltf-transform/cli@4.4.2 want: ~6.6.0
134 silly placeDep ROOT draco3dgltf@1.5.7 OK for: @gltf-transform/cli@4.4.2 want: ~1.5.7
135 silly placeDep ROOT gltf-validator@2.0.0-dev.3.10 OK for: @gltf-transform/cli@4.4.2 want: ~2.0.0-dev.3.10
136 silly placeDep ROOT keyframe-resample@0.1.0 OK for: @gltf-transform/cli@4.4.2 want: ~0.1.0
137 silly placeDep ROOT ktx-parse@1.1.0 OK for: @gltf-transform/cli@4.4.2 want: ^1.1.0
138 silly placeDep ROOT language-tags@2.1.0 OK for: @gltf-transform/cli@4.4.2 want: ^2.1.0
139 silly placeDep ROOT listr2@8.3.3 OK for: @gltf-transform/cli@4.4.2 want: ~8.3.3
140 silly placeDep ROOT meshoptimizer@1.0.1 OK for: @gltf-transform/cli@4.4.2 want: ~1.0.1
141 silly placeDep ROOT micromatch@4.0.8 OK for: @gltf-transform/cli@4.4.2 want: ~4.0.8
142 silly placeDep ROOT mikktspace@1.1.1 OK for: @gltf-transform/cli@4.4.2 want: ~1.1.1
143 silly placeDep ROOT node-fetch@3.3.2 OK for: @gltf-transform/cli@4.4.2 want: ~3.3.2
144 silly placeDep ROOT prompts@2.4.2 OK for: @gltf-transform/cli@4.4.2 want: ^2.4.2
145 silly placeDep ROOT sharp@0.34.5 OK for: @gltf-transform/cli@4.4.2 want: ~0.34.5
146 silly placeDep ROOT tmp@0.2.7 OK for: @gltf-transform/cli@4.4.2 want: ~0.2.5
147 silly placeDep ROOT watlas@1.0.1 OK for: @gltf-transform/cli@4.4.2 want: ^1.0.1
148 silly fetch manifest @types/glob@^8.1.0
149 silly packumentCache full:https://registry.npmmirror.com/@types%2fglob cache-miss
150 silly fetch manifest @types/lodash@^4.14.197
151 silly packumentCache full:https://registry.npmmirror.com/@types%2flodash cache-miss
152 silly fetch manifest @types/node@20.5.6
153 silly packumentCache full:https://registry.npmmirror.com/@types%2fnode cache-miss
154 silly fetch manifest @types/table@5.0.0
155 silly packumentCache full:https://registry.npmmirror.com/@types%2ftable cache-miss
156 silly fetch manifest @types/wrap-ansi@^8.0.1
157 silly packumentCache full:https://registry.npmmirror.com/@types%2fwrap-ansi cache-miss
158 silly fetch manifest chalk@3.0.0
159 silly packumentCache full:https://registry.npmmirror.com/chalk cache-miss
160 silly fetch manifest glob@^10.3.3
161 silly packumentCache full:https://registry.npmmirror.com/glob cache-miss
162 silly fetch manifest lodash@^4.17.21
163 silly packumentCache full:https://registry.npmmirror.com/lodash cache-miss
164 silly fetch manifest table@5.4.6
165 silly packumentCache full:https://registry.npmmirror.com/table cache-miss
166 silly fetch manifest winston@3.10.0
167 silly packumentCache full:https://registry.npmmirror.com/winston cache-miss
168 silly fetch manifest wrap-ansi@^8.1.0
169 silly packumentCache full:https://registry.npmmirror.com/wrap-ansi cache-miss
170 silly fetch manifest property-graph@^4.1.0
171 silly packumentCache full:https://registry.npmmirror.com/property-graph cache-miss
172 silly fetch manifest ndarray@^1.0.19
173 silly packumentCache full:https://registry.npmmirror.com/ndarray cache-miss
174 silly fetch manifest ndarray-lanczos@^0.3.0
175 silly packumentCache full:https://registry.npmmirror.com/ndarray-lanczos cache-miss
176 silly fetch manifest ndarray-pixels@^5.0.1
177 silly packumentCache full:https://registry.npmmirror.com/ndarray-pixels cache-miss
178 silly fetch manifest @types/braces@*
179 silly packumentCache full:https://registry.npmmirror.com/@types%2fbraces cache-miss
180 silly fetch manifest form-data@^4.0.4
181 silly packumentCache full:https://registry.npmmirror.com/form-data cache-miss
182 silly fetch manifest @types/node@*
183 silly packumentCache full:https://registry.npmmirror.com/@types%2fnode cache-miss
184 silly fetch manifest @types/node@*
185 silly packumentCache full:https://registry.npmmirror.com/@types%2fnode cache-miss
186 http fetch GET 200 https://registry.npmmirror.com/@types%2fbraces 105ms (cache miss)
187 silly packumentCache full:https://registry.npmmirror.com/@types%2fbraces set size:3630 disposed:false
188 silly fetch manifest kleur@^3.0.3
189 silly packumentCache full:https://registry.npmmirror.com/kleur cache-miss
190 http fetch GET 200 https://registry.npmmirror.com/ndarray 109ms (cache miss)
191 silly packumentCache full:https://registry.npmmirror.com/ndarray set size:11990 disposed:false
192 silly fetch manifest string-width@^4.2.0
193 silly packumentCache full:https://registry.npmmirror.com/string-width cache-miss
194 http fetch GET 200 https://registry.npmmirror.com/chalk 129ms (cache miss)
195 silly packumentCache full:https://registry.npmmirror.com/chalk set size:26531 disposed:false
196 silly fetch manifest @colors/colors@1.5.0
197 silly packumentCache full:https://registry.npmmirror.com/@colors%2fcolors cache-miss
198 http fetch GET 200 https://registry.npmmirror.com/property-graph 139ms (cache miss)
199 silly packumentCache full:https://registry.npmmirror.com/property-graph set size:23677 disposed:false
200 silly fetch manifest language-subtag-registry@^0.3.20
201 silly packumentCache full:https://registry.npmmirror.com/language-subtag-registry cache-miss
202 http fetch GET 200 https://registry.npmmirror.com/@types%2ftable 143ms (cache miss)
203 silly packumentCache full:https://registry.npmmirror.com/@types%2ftable set size:3950 disposed:false
204 silly fetch manifest cli-truncate@^4.0.0
205 silly packumentCache full:https://registry.npmmirror.com/cli-truncate cache-miss
206 http fetch GET 200 https://registry.npmmirror.com/@types%2fglob 152ms (cache miss)
207 silly packumentCache full:https://registry.npmmirror.com/@types%2fglob set size:12216 disposed:false
208 silly fetch manifest colorette@^2.0.20
209 silly packumentCache full:https://registry.npmmirror.com/colorette cache-miss
210 http fetch GET 200 https://registry.npmmirror.com/table 173ms (cache miss)
211 silly packumentCache full:https://registry.npmmirror.com/table set size:41680 disposed:false
212 silly fetch manifest eventemitter3@^5.0.1
213 silly packumentCache full:https://registry.npmmirror.com/eventemitter3 cache-miss
214 http fetch GET 200 https://registry.npmmirror.com/ndarray-lanczos 177ms (cache miss)
215 silly packumentCache full:https://registry.npmmirror.com/ndarray-lanczos set size:6938 disposed:false
216 silly fetch manifest log-update@^6.1.0
217 silly packumentCache full:https://registry.npmmirror.com/log-update cache-miss
218 http fetch GET 200 https://registry.npmmirror.com/glob 191ms (cache miss)
219 silly packumentCache full:https://registry.npmmirror.com/glob set size:86969 disposed:false
220 silly fetch manifest rfdc@^1.4.1
221 silly packumentCache full:https://registry.npmmirror.com/rfdc cache-miss
222 http fetch GET 200 https://registry.npmmirror.com/wrap-ansi 311ms (cache miss)
223 silly packumentCache full:https://registry.npmmirror.com/wrap-ansi set size:11105 disposed:false
224 silly fetch manifest wrap-ansi@^9.0.0
225 silly packumentCache full:https://registry.npmmirror.com/wrap-ansi cache-hit
226 silly fetch manifest braces@^3.0.3
227 silly packumentCache full:https://registry.npmmirror.com/braces cache-miss
228 http fetch GET 200 https://registry.npmmirror.com/ndarray-pixels 371ms (cache miss)
229 silly packumentCache full:https://registry.npmmirror.com/ndarray-pixels set size:20449 disposed:false
230 silly fetch manifest picomatch@^2.3.1
231 silly packumentCache full:https://registry.npmmirror.com/picomatch cache-miss
232 http fetch GET 200 https://registry.npmmirror.com/kleur 272ms (cache miss)
233 silly packumentCache full:https://registry.npmmirror.com/kleur set size:10711 disposed:false
234 silly fetch manifest data-uri-to-buffer@^4.0.0
235 silly packumentCache full:https://registry.npmmirror.com/data-uri-to-buffer cache-miss
236 http fetch GET 200 https://registry.npmmirror.com/string-width 287ms (cache miss)
237 silly packumentCache full:https://registry.npmmirror.com/string-width set size:13877 disposed:false
238 silly fetch manifest fetch-blob@^3.1.4
239 silly packumentCache full:https://registry.npmmirror.com/fetch-blob cache-miss
240 http fetch GET 200 https://registry.npmmirror.com/winston 497ms (cache miss)
241 silly packumentCache full:https://registry.npmmirror.com/winston set size:53323 disposed:false
242 silly fetch manifest formdata-polyfill@^4.0.10
243 silly packumentCache full:https://registry.npmmirror.com/formdata-polyfill cache-miss
244 http fetch GET 200 https://registry.npmmirror.com/@colors%2fcolors 866ms (cache miss)
245 silly packumentCache full:https://registry.npmmirror.com/@colors%2fcolors set size:4877 disposed:false
246 silly fetch manifest sisteransi@^1.0.5
247 silly packumentCache full:https://registry.npmmirror.com/sisteransi cache-miss
248 http fetch GET 200 https://registry.npmmirror.com/@types%2fwrap-ansi 1000ms (cache miss)
249 silly packumentCache full:https://registry.npmmirror.com/@types%2fwrap-ansi set size:5379 disposed:false
250 silly fetch manifest @img/colour@^1.0.0
251 silly packumentCache full:https://registry.npmmirror.com/@img%2fcolour cache-miss
252 http fetch GET 200 https://registry.npmmirror.com/lodash 1002ms (cache miss)
253 silly packumentCache full:https://registry.npmmirror.com/lodash set size:29166 disposed:false
254 silly fetch manifest detect-libc@^2.1.2
255 silly packumentCache full:https://registry.npmmirror.com/detect-libc cache-miss
256 http fetch GET 200 https://registry.npmmirror.com/@types%2flodash 1020ms (cache miss)
257 silly packumentCache full:https://registry.npmmirror.com/@types%2flodash set size:79172 disposed:false
258 silly fetch manifest semver@^7.7.3
259 silly packumentCache full:https://registry.npmmirror.com/semver cache-miss
260 http fetch GET 200 https://registry.npmmirror.com/form-data 1026ms (cache miss)
261 silly packumentCache full:https://registry.npmmirror.com/form-data set size:27205 disposed:false
262 silly fetch manifest @img/sharp-darwin-arm64@0.34.5
263 silly packumentCache full:https://registry.npmmirror.com/@img%2fsharp-darwin-arm64 cache-miss
264 http fetch GET 200 https://registry.npmmirror.com/language-subtag-registry 898ms (cache miss)
265 silly packumentCache full:https://registry.npmmirror.com/language-subtag-registry set size:9593 disposed:false
266 silly fetch manifest @img/sharp-darwin-x64@0.34.5
267 silly packumentCache full:https://registry.npmmirror.com/@img%2fsharp-darwin-x64 cache-miss
268 http fetch GET 200 https://registry.npmmirror.com/colorette 901ms (cache miss)
269 silly packumentCache full:https://registry.npmmirror.com/colorette set size:16349 disposed:false
270 silly fetch manifest @img/sharp-libvips-darwin-arm64@1.2.4
271 silly packumentCache full:https://registry.npmmirror.com/@img%2fsharp-libvips-darwin-arm64 cache-miss
272 http fetch GET 200 https://registry.npmmirror.com/eventemitter3 906ms (cache miss)
273 silly packumentCache full:https://registry.npmmirror.com/eventemitter3 set size:15941 disposed:false
274 silly fetch manifest @img/sharp-libvips-darwin-x64@1.2.4
275 silly packumentCache full:https://registry.npmmirror.com/@img%2fsharp-libvips-darwin-x64 cache-miss
276 http fetch GET 200 https://registry.npmmirror.com/rfdc 888ms (cache miss)
277 silly packumentCache full:https://registry.npmmirror.com/rfdc set size:7941 disposed:false
278 silly fetch manifest @img/sharp-libvips-linux-arm@1.2.4
279 silly packumentCache full:https://registry.npmmirror.com/@img%2fsharp-libvips-linux-arm cache-miss
280 http fetch GET 200 https://registry.npmmirror.com/cli-truncate 949ms (cache miss)
281 silly packumentCache full:https://registry.npmmirror.com/cli-truncate set size:8340 disposed:false
282 silly fetch manifest @img/sharp-libvips-linux-arm64@1.2.4
283 silly packumentCache full:https://registry.npmmirror.com/@img%2fsharp-libvips-linux-arm64 cache-miss
284 http fetch GET 200 https://registry.npmmirror.com/log-update 916ms (cache miss)
285 silly packumentCache full:https://registry.npmmirror.com/log-update set size:11571 disposed:false
286 silly fetch manifest @img/sharp-libvips-linux-ppc64@1.2.4
287 silly packumentCache full:https://registry.npmmirror.com/@img%2fsharp-libvips-linux-ppc64 cache-miss
288 http fetch GET 200 https://registry.npmmirror.com/braces 785ms (cache miss)
289 silly packumentCache full:https://registry.npmmirror.com/braces set size:22104 disposed:false
290 silly fetch manifest @img/sharp-libvips-linux-riscv64@1.2.4
291 silly packumentCache full:https://registry.npmmirror.com/@img%2fsharp-libvips-linux-riscv64 cache-miss
292 http fetch GET 200 https://registry.npmmirror.com/detect-libc 126ms (cache miss)
293 silly packumentCache full:https://registry.npmmirror.com/detect-libc set size:10958 disposed:false
294 silly fetch manifest @img/sharp-libvips-linux-s390x@1.2.4
295 silly packumentCache full:https://registry.npmmirror.com/@img%2fsharp-libvips-linux-s390x cache-miss
296 http fetch GET 200 https://registry.npmmirror.com/@img%2fcolour 213ms (cache miss)
297 silly packumentCache full:https://registry.npmmirror.com/@img%2fcolour set size:3036 disposed:false
298 silly fetch manifest @img/sharp-libvips-linux-x64@1.2.4
299 silly packumentCache full:https://registry.npmmirror.com/@img%2fsharp-libvips-linux-x64 cache-miss
300 http fetch GET 200 https://registry.npmmirror.com/semver 195ms (cache miss)
301 silly packumentCache full:https://registry.npmmirror.com/semver set size:47492 disposed:false
302 silly fetch manifest @img/sharp-libvips-linuxmusl-arm64@1.2.4
303 silly packumentCache full:https://registry.npmmirror.com/@img%2fsharp-libvips-linuxmusl-arm64 cache-miss
304 http fetch GET 200 https://registry.npmmirror.com/@types%2fnode 1313ms (cache miss)
305 silly packumentCache full:https://registry.npmmirror.com/@types%2fnode set size:1168251 disposed:false
306 silly fetch manifest @img/sharp-libvips-linuxmusl-x64@1.2.4
307 silly packumentCache full:https://registry.npmmirror.com/@img%2fsharp-libvips-linuxmusl-x64 cache-miss
308 http fetch GET 200 https://registry.npmmirror.com/@img%2fsharp-darwin-x64 401ms (cache miss)
309 silly packumentCache full:https://registry.npmmirror.com/@img%2fsharp-darwin-x64 set size:21798 disposed:false
310 silly fetch manifest @img/sharp-linux-arm@0.34.5
311 silly packumentCache full:https://registry.npmmirror.com/@img%2fsharp-linux-arm cache-miss
312 http fetch GET 200 https://registry.npmmirror.com/@img%2fsharp-darwin-arm64 414ms (cache miss)
313 silly packumentCache full:https://registry.npmmirror.com/@img%2fsharp-darwin-arm64 set size:21712 disposed:false
314 silly fetch manifest @img/sharp-linux-arm64@0.34.5
315 silly packumentCache full:https://registry.npmmirror.com/@img%2fsharp-linux-arm64 cache-miss
316 http fetch GET 200 https://registry.npmmirror.com/fetch-blob 1051ms (cache miss)
317 silly packumentCache full:https://registry.npmmirror.com/fetch-blob set size:13804 disposed:false
318 silly fetch manifest @img/sharp-linux-ppc64@0.34.5
319 silly packumentCache full:https://registry.npmmirror.com/@img%2fsharp-linux-ppc64 cache-miss
320 http fetch GET 200 https://registry.npmmirror.com/@img%2fsharp-libvips-darwin-arm64 400ms (cache miss)
321 silly packumentCache full:https://registry.npmmirror.com/@img%2fsharp-libvips-darwin-arm64 set size:17623 disposed:false
322 silly fetch manifest @img/sharp-linux-riscv64@0.34.5
323 silly packumentCache full:https://registry.npmmirror.com/@img%2fsharp-linux-riscv64 cache-miss
324 http fetch GET 200 https://registry.npmmirror.com/data-uri-to-buffer 1097ms (cache miss)
325 silly packumentCache full:https://registry.npmmirror.com/data-uri-to-buffer set size:10542 disposed:false
326 silly fetch manifest @img/sharp-linux-s390x@0.34.5
327 silly packumentCache full:https://registry.npmmirror.com/@img%2fsharp-linux-s390x cache-miss
328 http fetch GET 200 https://registry.npmmirror.com/@img%2fsharp-libvips-darwin-x64 918ms (cache miss)
329 silly packumentCache full:https://registry.npmmirror.com/@img%2fsharp-libvips-darwin-x64 set size:17645 disposed:false
330 silly fetch manifest @img/sharp-linux-x64@0.34.5
331 silly packumentCache full:https://registry.npmmirror.com/@img%2fsharp-linux-x64 cache-miss
332 http fetch GET 200 https://registry.npmmirror.com/formdata-polyfill 1507ms (cache miss)
333 silly packumentCache full:https://registry.npmmirror.com/formdata-polyfill set size:15182 disposed:false
334 silly fetch manifest @img/sharp-linuxmusl-arm64@0.34.5
335 silly packumentCache full:https://registry.npmmirror.com/@img%2fsharp-linuxmusl-arm64 cache-miss
336 http fetch GET 200 https://registry.npmmirror.com/sisteransi 1016ms (cache miss)
337 silly packumentCache full:https://registry.npmmirror.com/sisteransi set size:5133 disposed:false
338 silly fetch manifest @img/sharp-linuxmusl-x64@0.34.5
339 silly packumentCache full:https://registry.npmmirror.com/@img%2fsharp-linuxmusl-x64 cache-miss
340 http fetch GET 200 https://registry.npmmirror.com/@img%2fsharp-libvips-linux-arm64 965ms (cache miss)
341 silly packumentCache full:https://registry.npmmirror.com/@img%2fsharp-libvips-linux-arm64 set size:18086 disposed:false
342 silly fetch manifest @img/sharp-wasm32@0.34.5
343 silly packumentCache full:https://registry.npmmirror.com/@img%2fsharp-wasm32 cache-miss
344 http fetch GET 200 https://registry.npmmirror.com/@img%2fsharp-libvips-linux-arm 976ms (cache miss)
345 silly packumentCache full:https://registry.npmmirror.com/@img%2fsharp-libvips-linux-arm set size:18916 disposed:false
346 silly fetch manifest @img/sharp-win32-arm64@0.34.5
347 silly packumentCache full:https://registry.npmmirror.com/@img%2fsharp-win32-arm64 cache-miss
348 http fetch GET 200 https://registry.npmmirror.com/@img%2fsharp-libvips-linux-ppc64 967ms (cache miss)
349 silly packumentCache full:https://registry.npmmirror.com/@img%2fsharp-libvips-linux-ppc64 set size:15243 disposed:false
350 silly fetch manifest @img/sharp-win32-ia32@0.34.5
351 silly packumentCache full:https://registry.npmmirror.com/@img%2fsharp-win32-ia32 cache-miss
352 http fetch GET 200 https://registry.npmmirror.com/@img%2fsharp-libvips-linux-riscv64 976ms (cache miss)
353 silly packumentCache full:https://registry.npmmirror.com/@img%2fsharp-libvips-linux-riscv64 set size:12535 disposed:false
354 silly fetch manifest @img/sharp-win32-x64@0.34.5
355 silly packumentCache full:https://registry.npmmirror.com/@img%2fsharp-win32-x64 cache-miss
356 http fetch GET 200 https://registry.npmmirror.com/@types%2fnode 2076ms (cache miss)
357 silly packumentCache full:https://registry.npmmirror.com/@types%2fnode set size:1168251 disposed:false
358 http fetch GET 200 https://registry.npmmirror.com/picomatch 1809ms (cache miss)
359 silly packumentCache full:https://registry.npmmirror.com/picomatch set size:24788 disposed:false
360 http fetch GET 200 https://registry.npmmirror.com/@img%2fsharp-libvips-linux-s390x 1053ms (cache miss)
361 silly packumentCache full:https://registry.npmmirror.com/@img%2fsharp-libvips-linux-s390x set size:17082 disposed:false
362 http fetch GET 200 https://registry.npmmirror.com/@img%2fsharp-libvips-linuxmusl-x64 790ms (cache miss)
363 silly packumentCache full:https://registry.npmmirror.com/@img%2fsharp-libvips-linuxmusl-x64 set size:17515 disposed:false
364 http fetch GET 200 https://registry.npmmirror.com/@img%2fsharp-libvips-linuxmusl-arm64 971ms (cache miss)
365 silly packumentCache full:https://registry.npmmirror.com/@img%2fsharp-libvips-linuxmusl-arm64 set size:17818 disposed:false
366 http fetch GET 200 https://registry.npmmirror.com/@img%2fsharp-libvips-linux-x64 977ms (cache miss)
367 silly packumentCache full:https://registry.npmmirror.com/@img%2fsharp-libvips-linux-x64 set size:18113 disposed:false
368 http fetch GET 200 https://registry.npmmirror.com/@img%2fsharp-linux-arm 757ms (cache miss)
369 silly packumentCache full:https://registry.npmmirror.com/@img%2fsharp-linux-arm set size:21265 disposed:false
370 http fetch GET 200 https://registry.npmmirror.com/@img%2fsharp-linux-x64 214ms (cache miss)
371 silly packumentCache full:https://registry.npmmirror.com/@img%2fsharp-linux-x64 set size:21332 disposed:false
372 http fetch GET 200 https://registry.npmmirror.com/@img%2fsharp-linux-riscv64 759ms (cache miss)
373 silly packumentCache full:https://registry.npmmirror.com/@img%2fsharp-linux-riscv64 set size:10182 disposed:false
374 http fetch GET 200 https://registry.npmmirror.com/@img%2fsharp-linux-s390x 741ms (cache miss)
375 silly packumentCache full:https://registry.npmmirror.com/@img%2fsharp-linux-s390x set size:21081 disposed:false
376 http fetch GET 200 https://registry.npmmirror.com/@img%2fsharp-linuxmusl-arm64 211ms (cache miss)
377 silly packumentCache full:https://registry.npmmirror.com/@img%2fsharp-linuxmusl-arm64 set size:21341 disposed:false
378 http fetch GET 200 https://registry.npmmirror.com/@img%2fsharp-linux-arm64 777ms (cache miss)
379 silly packumentCache full:https://registry.npmmirror.com/@img%2fsharp-linux-arm64 set size:21310 disposed:false
380 http fetch GET 200 https://registry.npmmirror.com/@img%2fsharp-linux-ppc64 772ms (cache miss)
381 silly packumentCache full:https://registry.npmmirror.com/@img%2fsharp-linux-ppc64 set size:14168 disposed:false
382 http fetch GET 200 https://registry.npmmirror.com/@img%2fsharp-linuxmusl-x64 211ms (cache miss)
383 silly packumentCache full:https://registry.npmmirror.com/@img%2fsharp-linuxmusl-x64 set size:21461 disposed:false
384 http fetch GET 200 https://registry.npmmirror.com/@img%2fsharp-win32-arm64 165ms (cache miss)
385 silly packumentCache full:https://registry.npmmirror.com/@img%2fsharp-win32-arm64 set size:13712 disposed:false
386 http fetch GET 200 https://registry.npmmirror.com/@img%2fsharp-win32-x64 167ms (cache miss)
387 silly packumentCache full:https://registry.npmmirror.com/@img%2fsharp-win32-x64 set size:21861 disposed:false
388 http fetch GET 200 https://registry.npmmirror.com/@img%2fsharp-wasm32 226ms (cache miss)
389 silly packumentCache full:https://registry.npmmirror.com/@img%2fsharp-wasm32 set size:21181 disposed:false
390 http fetch GET 200 https://registry.npmmirror.com/@img%2fsharp-win32-ia32 335ms (cache miss)
391 silly packumentCache full:https://registry.npmmirror.com/@img%2fsharp-win32-ia32 set size:21992 disposed:false
392 http fetch GET 200 https://registry.npmmirror.com/@types%2fnode 2437ms (cache miss)
393 silly packumentCache full:https://registry.npmmirror.com/@types%2fnode set size:1168251 disposed:false
394 silly placeDep ROOT @types/glob@8.1.0 OK for: @donmccurdy/caporal@0.0.10 want: ^8.1.0
395 silly placeDep ROOT @types/lodash@4.17.25 OK for: @donmccurdy/caporal@0.0.10 want: ^4.14.197
396 silly placeDep ROOT @types/node@20.5.6 OK for: @donmccurdy/caporal@0.0.10 want: 20.5.6
397 silly placeDep ROOT @types/table@5.0.0 OK for: @donmccurdy/caporal@0.0.10 want: 5.0.0
398 silly placeDep ROOT @types/wrap-ansi@8.0.2 OK for: @donmccurdy/caporal@0.0.10 want: ^8.0.1
399 silly placeDep ROOT chalk@3.0.0 OK for: @donmccurdy/caporal@0.0.10 want: 3.0.0
400 silly placeDep ROOT glob@10.4.5 OK for: @donmccurdy/caporal@0.0.10 want: ^10.3.3
401 silly placeDep ROOT lodash@4.18.1 OK for: @donmccurdy/caporal@0.0.10 want: ^4.17.21
402 silly placeDep ROOT table@5.4.6 OK for: @donmccurdy/caporal@0.0.10 want: 5.4.6
403 silly placeDep ROOT winston@3.10.0 OK for: @donmccurdy/caporal@0.0.10 want: 3.10.0
404 silly placeDep ROOT wrap-ansi@8.1.0 OK for: @donmccurdy/caporal@0.0.10 want: ^8.1.0
405 silly fetch manifest @types/minimatch@^5.1.2
406 silly packumentCache full:https://registry.npmmirror.com/@types%2fminimatch cache-miss
407 silly fetch manifest ansi-styles@^4.1.0
408 silly packumentCache full:https://registry.npmmirror.com/ansi-styles cache-miss
409 silly fetch manifest supports-color@^7.1.0
410 silly packumentCache full:https://registry.npmmirror.com/supports-color cache-miss
411 silly fetch manifest foreground-child@^3.1.0
412 silly packumentCache full:https://registry.npmmirror.com/foreground-child cache-miss
413 silly fetch manifest jackspeak@^3.1.2
414 silly packumentCache full:https://registry.npmmirror.com/jackspeak cache-miss
415 silly fetch manifest minimatch@^9.0.4
416 silly packumentCache full:https://registry.npmmirror.com/minimatch cache-miss
417 silly fetch manifest minipass@^7.1.2
418 silly packumentCache full:https://registry.npmmirror.com/minipass cache-miss
419 silly fetch manifest package-json-from-dist@^1.0.0
420 silly packumentCache full:https://registry.npmmirror.com/package-json-from-dist cache-miss
421 silly fetch manifest path-scurry@^1.11.1
422 silly packumentCache full:https://registry.npmmirror.com/path-scurry cache-miss
423 silly fetch manifest ajv@^6.10.2
424 silly packumentCache full:https://registry.npmmirror.com/ajv cache-miss
425 silly fetch manifest slice-ansi@^2.1.0
426 silly packumentCache full:https://registry.npmmirror.com/slice-ansi cache-miss
427 silly fetch manifest string-width@^3.0.0
428 silly packumentCache full:https://registry.npmmirror.com/string-width cache-hit
429 silly fetch manifest @dabh/diagnostics@^2.0.2
430 silly packumentCache full:https://registry.npmmirror.com/@dabh%2fdiagnostics cache-miss
431 silly fetch manifest async@^3.2.3
432 silly packumentCache full:https://registry.npmmirror.com/async cache-miss
433 silly fetch manifest is-stream@^2.0.0
434 silly packumentCache full:https://registry.npmmirror.com/is-stream cache-miss
435 silly fetch manifest logform@^2.4.0
436 silly packumentCache full:https://registry.npmmirror.com/logform cache-miss
437 silly fetch manifest one-time@^1.0.0
438 silly packumentCache full:https://registry.npmmirror.com/one-time cache-miss
439 silly fetch manifest readable-stream@^3.4.0
440 silly packumentCache full:https://registry.npmmirror.com/readable-stream cache-miss
441 silly fetch manifest safe-stable-stringify@^2.3.1
442 silly packumentCache full:https://registry.npmmirror.com/safe-stable-stringify cache-miss
443 silly fetch manifest stack-trace@0.0.x
444 silly packumentCache full:https://registry.npmmirror.com/stack-trace cache-miss
445 http fetch GET 200 https://registry.npmmirror.com/package-json-from-dist 129ms (cache miss)
446 silly packumentCache full:https://registry.npmmirror.com/package-json-from-dist set size:3058 disposed:false
447 silly fetch manifest triple-beam@^1.3.0
448 silly packumentCache full:https://registry.npmmirror.com/triple-beam cache-miss
449 http fetch GET 200 https://registry.npmmirror.com/path-scurry 157ms (cache miss)
450 silly packumentCache full:https://registry.npmmirror.com/path-scurry set size:31548 disposed:false
451 silly fetch manifest winston-transport@^4.5.0
452 silly packumentCache full:https://registry.npmmirror.com/winston-transport cache-miss
453 http fetch GET 200 https://registry.npmmirror.com/ansi-styles 170ms (cache miss)
454 silly packumentCache full:https://registry.npmmirror.com/ansi-styles set size:14621 disposed:false
455 silly fetch manifest ansi-styles@^6.1.0
456 silly packumentCache full:https://registry.npmmirror.com/ansi-styles cache-hit
457 silly fetch manifest string-width@^5.0.1
458 silly packumentCache full:https://registry.npmmirror.com/string-width cache-hit
459 silly fetch manifest strip-ansi@^7.0.1
460 silly packumentCache full:https://registry.npmmirror.com/strip-ansi cache-miss
461 http fetch GET 200 https://registry.npmmirror.com/foreground-child 174ms (cache miss)
462 silly packumentCache full:https://registry.npmmirror.com/foreground-child set size:15535 disposed:false
463 http fetch GET 200 https://registry.npmmirror.com/@dabh%2fdiagnostics 176ms (cache miss)
464 silly packumentCache full:https://registry.npmmirror.com/@dabh%2fdiagnostics set size:10032 disposed:false
465 http fetch GET 200 https://registry.npmmirror.com/slice-ansi 181ms (cache miss)
466 silly packumentCache full:https://registry.npmmirror.com/slice-ansi set size:7980 disposed:false
467 http fetch GET 200 https://registry.npmmirror.com/@types%2fminimatch 185ms (cache miss)
468 silly packumentCache full:https://registry.npmmirror.com/@types%2fminimatch set size:8945 disposed:false
469 http fetch GET 200 https://registry.npmmirror.com/supports-color 197ms (cache miss)
470 silly packumentCache full:https://registry.npmmirror.com/supports-color set size:23937 disposed:false
471 http fetch GET 200 https://registry.npmmirror.com/minipass 200ms (cache miss)
472 silly packumentCache full:https://registry.npmmirror.com/minipass set size:57428 disposed:false
473 http fetch GET 200 https://registry.npmmirror.com/async 203ms (cache miss)
474 silly packumentCache full:https://registry.npmmirror.com/async set size:31170 disposed:false
475 http fetch GET 200 https://registry.npmmirror.com/jackspeak 459ms (cache miss)
476 silly packumentCache full:https://registry.npmmirror.com/jackspeak set size:48516 disposed:false
477 http fetch GET 200 https://registry.npmmirror.com/logform 465ms (cache miss)
478 silly packumentCache full:https://registry.npmmirror.com/logform set size:22087 disposed:false
479 http fetch GET 200 https://registry.npmmirror.com/is-stream 512ms (cache miss)
480 silly packumentCache full:https://registry.npmmirror.com/is-stream set size:4048 disposed:false
481 http fetch GET 200 https://registry.npmmirror.com/safe-stable-stringify 512ms (cache miss)
482 silly packumentCache full:https://registry.npmmirror.com/safe-stable-stringify set size:12176 disposed:false
483 http fetch GET 200 https://registry.npmmirror.com/one-time 518ms (cache miss)
484 silly packumentCache full:https://registry.npmmirror.com/one-time set size:3599 disposed:false
485 http fetch GET 200 https://registry.npmmirror.com/winston-transport 362ms (cache miss)
486 silly packumentCache full:https://registry.npmmirror.com/winston-transport set size:11722 disposed:false
487 http fetch GET 200 https://registry.npmmirror.com/triple-beam 392ms (cache miss)
488 silly packumentCache full:https://registry.npmmirror.com/triple-beam set size:3448 disposed:false
489 http fetch GET 200 https://registry.npmmirror.com/ajv 522ms (cache miss)
490 silly packumentCache full:https://registry.npmmirror.com/ajv set size:129790 disposed:false
491 http fetch GET 200 https://registry.npmmirror.com/strip-ansi 359ms (cache miss)
492 silly packumentCache full:https://registry.npmmirror.com/strip-ansi set size:8259 disposed:false
493 http fetch GET 200 https://registry.npmmirror.com/stack-trace 529ms (cache miss)
494 silly packumentCache full:https://registry.npmmirror.com/stack-trace set size:7129 disposed:false
495 http fetch GET 200 https://registry.npmmirror.com/readable-stream 532ms (cache miss)
496 silly packumentCache full:https://registry.npmmirror.com/readable-stream set size:40678 disposed:false
497 http fetch GET 200 https://registry.npmmirror.com/minimatch 603ms (cache miss)
498 silly packumentCache full:https://registry.npmmirror.com/minimatch set size:98084 disposed:false
499 silly placeDep ROOT property-graph@4.1.0 OK for: @gltf-transform/core@4.4.2 want: ^4.1.0
500 silly placeDep ROOT ndarray@1.1.1 OK for: @gltf-transform/functions@4.4.2 want: ^1.0.19
501 silly placeDep ROOT ndarray-lanczos@0.3.0 OK for: @gltf-transform/functions@4.4.2 want: ^0.3.0
502 silly placeDep ROOT ndarray-pixels@5.2.0 OK for: @gltf-transform/functions@4.4.2 want: ^5.0.1
503 silly fetch manifest is-buffer@^1.0.2
504 silly packumentCache full:https://registry.npmmirror.com/is-buffer cache-miss
505 silly fetch manifest iota-array@^1.0.0
506 silly packumentCache full:https://registry.npmmirror.com/iota-array cache-miss
507 silly fetch manifest @types/ndarray@^1.0.11
508 silly packumentCache full:https://registry.npmmirror.com/@types%2fndarray cache-miss
509 silly fetch manifest @types/ndarray@^1.0.14
510 silly packumentCache full:https://registry.npmmirror.com/@types%2fndarray cache-miss
511 silly fetch manifest ndarray-ops@^1.2.2
512 silly packumentCache full:https://registry.npmmirror.com/ndarray-ops cache-miss
513 silly fetch manifest sharp@^0.35.0
514 silly packumentCache full:https://registry.npmmirror.com/sharp cache-hit
515 http fetch GET 200 https://registry.npmmirror.com/iota-array 111ms (cache miss)
516 silly packumentCache full:https://registry.npmmirror.com/iota-array set size:1650 disposed:false
517 http fetch GET 200 https://registry.npmmirror.com/@types%2fndarray 113ms (cache miss)
518 silly packumentCache full:https://registry.npmmirror.com/@types%2fndarray set size:6022 disposed:false
519 http fetch GET 200 https://registry.npmmirror.com/@types%2fndarray 156ms (cache miss)
520 silly packumentCache full:https://registry.npmmirror.com/@types%2fndarray set size:6022 disposed:false
521 silly packumentCache full:https://registry.npmmirror.com/@types%2fndarray dispose
522 http fetch GET 200 https://registry.npmmirror.com/is-buffer 158ms (cache miss)
523 silly packumentCache full:https://registry.npmmirror.com/is-buffer set size:6203 disposed:false
524 http fetch GET 200 https://registry.npmmirror.com/ndarray-ops 162ms (cache miss)
525 silly packumentCache full:https://registry.npmmirror.com/ndarray-ops set size:5370 disposed:false
526 silly placeDep ROOT @types/minimatch@5.1.2 OK for: @types/glob@8.1.0 want: ^5.1.2
527 silly placeDep ROOT @types/braces@3.0.5 OK for: @types/micromatch@4.0.10 want: *
528 silly placeDep ROOT form-data@4.0.6 OK for: @types/node-fetch@2.6.13 want: ^4.0.4
529 silly fetch manifest hasown@^2.0.4
530 silly packumentCache full:https://registry.npmmirror.com/hasown cache-miss
531 silly fetch manifest asynckit@^0.4.0
532 silly packumentCache full:https://registry.npmmirror.com/asynckit cache-miss
533 silly fetch manifest mime-types@^2.1.35
534 silly packumentCache full:https://registry.npmmirror.com/mime-types cache-miss
535 silly fetch manifest combined-stream@^1.0.8
536 silly packumentCache full:https://registry.npmmirror.com/combined-stream cache-miss
537 silly fetch manifest es-set-tostringtag@^2.1.0
538 silly packumentCache full:https://registry.npmmirror.com/es-set-tostringtag cache-miss
539 http fetch GET 200 https://registry.npmmirror.com/hasown 248ms (cache miss)
540 silly packumentCache full:https://registry.npmmirror.com/hasown set size:4802 disposed:false
541 http fetch GET 200 https://registry.npmmirror.com/es-set-tostringtag 249ms (cache miss)
542 silly packumentCache full:https://registry.npmmirror.com/es-set-tostringtag set size:6558 disposed:false
543 http fetch GET 200 https://registry.npmmirror.com/mime-types 274ms (cache miss)
544 silly packumentCache full:https://registry.npmmirror.com/mime-types set size:21367 disposed:false
545 http fetch GET 200 https://registry.npmmirror.com/combined-stream 280ms (cache miss)
546 silly packumentCache full:https://registry.npmmirror.com/combined-stream set size:7154 disposed:false
547 http fetch GET 200 https://registry.npmmirror.com/asynckit 286ms (cache miss)
548 silly packumentCache full:https://registry.npmmirror.com/asynckit set size:4942 disposed:false
549 silly placeDep ROOT kleur@3.0.3 OK for: @types/prompts@2.4.9 want: ^3.0.3
550 silly placeDep ROOT ansi-styles@4.3.0 OK for: chalk@3.0.0 want: ^4.1.0
551 silly placeDep ROOT supports-color@7.2.0 OK for: chalk@3.0.0 want: ^7.1.0
552 silly fetch manifest color-convert@^2.0.1
553 silly packumentCache full:https://registry.npmmirror.com/color-convert cache-miss
554 silly fetch manifest has-flag@^4.0.0
555 silly packumentCache full:https://registry.npmmirror.com/has-flag cache-miss
556 http fetch GET 200 https://registry.npmmirror.com/color-convert 135ms (cache miss)
557 silly packumentCache full:https://registry.npmmirror.com/color-convert set size:13807 disposed:false
558 http fetch GET 200 https://registry.npmmirror.com/has-flag 167ms (cache miss)
559 silly packumentCache full:https://registry.npmmirror.com/has-flag set size:3321 disposed:false
560 silly placeDep ROOT color-convert@2.0.1 OK for: ansi-styles@4.3.0 want: ^2.0.1
561 silly fetch manifest color-name@~1.1.4
562 silly packumentCache full:https://registry.npmmirror.com/color-name cache-miss
563 http fetch GET 200 https://registry.npmmirror.com/color-name 138ms (cache miss)
564 silly packumentCache full:https://registry.npmmirror.com/color-name set size:5598 disposed:false
565 silly placeDep ROOT @colors/colors@1.5.0 OK for: cli-table3@0.6.5 want: 1.5.0
566 silly placeDep ROOT string-width@4.2.3 OK for: cli-table3@0.6.5 want: ^4.2.0
567 silly fetch manifest emoji-regex@^8.0.0
568 silly packumentCache full:https://registry.npmmirror.com/emoji-regex cache-miss
569 silly fetch manifest is-fullwidth-code-point@^3.0.0
570 silly packumentCache full:https://registry.npmmirror.com/is-fullwidth-code-point cache-miss
571 silly fetch manifest strip-ansi@^6.0.1
572 silly packumentCache full:https://registry.npmmirror.com/strip-ansi cache-hit
573 http fetch GET 200 https://registry.npmmirror.com/is-fullwidth-code-point 122ms (cache miss)
574 silly packumentCache full:https://registry.npmmirror.com/is-fullwidth-code-point set size:3385 disposed:false
575 http fetch GET 200 https://registry.npmmirror.com/emoji-regex 125ms (cache miss)
576 silly packumentCache full:https://registry.npmmirror.com/emoji-regex set size:17651 disposed:false
577 silly placeDep ROOT color-name@1.1.4 OK for: color-convert@2.0.1 want: ~1.1.4
578 silly placeDep ROOT asynckit@0.4.0 OK for: form-data@4.0.6 want: ^0.4.0
579 silly placeDep ROOT combined-stream@1.0.8 OK for: form-data@4.0.6 want: ^1.0.8
580 silly placeDep ROOT es-set-tostringtag@2.1.0 OK for: form-data@4.0.6 want: ^2.1.0
581 silly placeDep ROOT hasown@2.0.4 OK for: form-data@4.0.6 want: ^2.0.4
582 silly placeDep ROOT mime-types@2.1.35 OK for: form-data@4.0.6 want: ^2.1.35
583 silly fetch manifest delayed-stream@~1.0.0
584 silly packumentCache full:https://registry.npmmirror.com/delayed-stream cache-miss
585 silly fetch manifest es-errors@^1.3.0
586 silly packumentCache full:https://registry.npmmirror.com/es-errors cache-miss
587 silly fetch manifest get-intrinsic@^1.2.6
588 silly packumentCache full:https://registry.npmmirror.com/get-intrinsic cache-miss
589 silly fetch manifest has-tostringtag@^1.0.2
590 silly packumentCache full:https://registry.npmmirror.com/has-tostringtag cache-miss
591 silly fetch manifest hasown@^2.0.2
592 silly packumentCache full:https://registry.npmmirror.com/hasown cache-hit
593 silly fetch manifest function-bind@^1.1.2
594 silly packumentCache full:https://registry.npmmirror.com/function-bind cache-miss
595 silly fetch manifest mime-db@1.52.0
596 silly packumentCache full:https://registry.npmmirror.com/mime-db cache-miss
597 http fetch GET 200 https://registry.npmmirror.com/delayed-stream 126ms (cache miss)
598 silly packumentCache full:https://registry.npmmirror.com/delayed-stream set size:4333 disposed:false
599 http fetch GET 200 https://registry.npmmirror.com/has-tostringtag 126ms (cache miss)
600 silly packumentCache full:https://registry.npmmirror.com/has-tostringtag set size:3448 disposed:false
601 http fetch GET 200 https://registry.npmmirror.com/es-errors 154ms (cache miss)
602 silly packumentCache full:https://registry.npmmirror.com/es-errors set size:4030 disposed:false
603 http fetch GET 200 https://registry.npmmirror.com/function-bind 159ms (cache miss)
604 silly packumentCache full:https://registry.npmmirror.com/function-bind set size:4376 disposed:false
605 http fetch GET 200 https://registry.npmmirror.com/get-intrinsic 164ms (cache miss)
606 silly packumentCache full:https://registry.npmmirror.com/get-intrinsic set size:11575 disposed:false
607 http fetch GET 200 https://registry.npmmirror.com/mime-db 199ms (cache miss)
608 silly packumentCache full:https://registry.npmmirror.com/mime-db set size:24206 disposed:false
609 silly placeDep ROOT delayed-stream@1.0.0 OK for: combined-stream@1.0.8 want: ~1.0.0
610 silly placeDep ROOT es-errors@1.3.0 OK for: es-set-tostringtag@2.1.0 want: ^1.3.0
611 silly placeDep ROOT get-intrinsic@1.3.0 OK for: es-set-tostringtag@2.1.0 want: ^1.2.6
612 silly placeDep ROOT has-tostringtag@1.0.2 OK for: es-set-tostringtag@2.1.0 want: ^1.0.2
613 silly fetch manifest call-bind-apply-helpers@^1.0.2
614 silly packumentCache full:https://registry.npmmirror.com/call-bind-apply-helpers cache-miss
615 silly fetch manifest es-define-property@^1.0.1
616 silly packumentCache full:https://registry.npmmirror.com/es-define-property cache-miss
617 silly fetch manifest es-object-atoms@^1.1.1
618 silly packumentCache full:https://registry.npmmirror.com/es-object-atoms cache-miss
619 silly fetch manifest get-proto@^1.0.1
620 silly packumentCache full:https://registry.npmmirror.com/get-proto cache-miss
621 silly fetch manifest gopd@^1.2.0
622 silly packumentCache full:https://registry.npmmirror.com/gopd cache-miss
623 silly fetch manifest has-symbols@^1.1.0
624 silly packumentCache full:https://registry.npmmirror.com/has-symbols cache-miss
625 silly fetch manifest math-intrinsics@^1.1.0
626 silly packumentCache full:https://registry.npmmirror.com/math-intrinsics cache-miss
627 silly fetch manifest has-symbols@^1.0.3
628 silly packumentCache full:https://registry.npmmirror.com/has-symbols cache-miss
629 http fetch GET 200 https://registry.npmmirror.com/get-proto 120ms (cache miss)
630 silly packumentCache full:https://registry.npmmirror.com/get-proto set size:2799 disposed:false
631 http fetch GET 200 https://registry.npmmirror.com/math-intrinsics 121ms (cache miss)
632 silly packumentCache full:https://registry.npmmirror.com/math-intrinsics set size:3012 disposed:false
633 http fetch GET 200 https://registry.npmmirror.com/has-symbols 126ms (cache miss)
634 silly packumentCache full:https://registry.npmmirror.com/has-symbols set size:5325 disposed:false
635 http fetch GET 200 https://registry.npmmirror.com/gopd 137ms (cache miss)
636 silly packumentCache full:https://registry.npmmirror.com/gopd set size:3962 disposed:false
637 http fetch GET 200 https://registry.npmmirror.com/has-symbols 142ms (cache miss)
638 silly packumentCache full:https://registry.npmmirror.com/has-symbols set size:5325 disposed:false
639 silly packumentCache full:https://registry.npmmirror.com/has-symbols dispose
640 http fetch GET 200 https://registry.npmmirror.com/call-bind-apply-helpers 163ms (cache miss)
641 silly packumentCache full:https://registry.npmmirror.com/call-bind-apply-helpers set size:3532 disposed:false
642 http fetch GET 200 https://registry.npmmirror.com/es-define-property 225ms (cache miss)
643 silly packumentCache full:https://registry.npmmirror.com/es-define-property set size:2896 disposed:false
644 http fetch GET 200 https://registry.npmmirror.com/es-object-atoms 226ms (cache miss)
645 silly packumentCache full:https://registry.npmmirror.com/es-object-atoms set size:4324 disposed:false
646 silly placeDep ROOT call-bind-apply-helpers@1.0.2 OK for: get-intrinsic@1.3.0 want: ^1.0.2
647 silly placeDep ROOT es-define-property@1.0.1 OK for: get-intrinsic@1.3.0 want: ^1.0.1
648 silly placeDep ROOT es-object-atoms@1.1.2 OK for: get-intrinsic@1.3.0 want: ^1.1.1
649 silly placeDep ROOT function-bind@1.1.2 OK for: get-intrinsic@1.3.0 want: ^1.1.2
650 silly placeDep ROOT get-proto@1.0.1 OK for: get-intrinsic@1.3.0 want: ^1.0.1
651 silly placeDep ROOT gopd@1.2.0 OK for: get-intrinsic@1.3.0 want: ^1.2.0
652 silly placeDep ROOT has-symbols@1.1.0 OK for: get-intrinsic@1.3.0 want: ^1.1.0
653 silly placeDep ROOT math-intrinsics@1.1.0 OK for: get-intrinsic@1.3.0 want: ^1.1.0
654 silly fetch manifest dunder-proto@^1.0.1
655 silly packumentCache full:https://registry.npmmirror.com/dunder-proto cache-miss
656 http fetch GET 200 https://registry.npmmirror.com/dunder-proto 112ms (cache miss)
657 silly packumentCache full:https://registry.npmmirror.com/dunder-proto set size:2798 disposed:false
658 silly placeDep ROOT dunder-proto@1.0.1 OK for: get-proto@1.0.1 want: ^1.0.1
659 silly placeDep ROOT foreground-child@3.3.1 OK for: glob@10.4.5 want: ^3.1.0
660 silly placeDep ROOT jackspeak@3.4.3 OK for: glob@10.4.5 want: ^3.1.2
661 silly placeDep ROOT minimatch@9.0.9 OK for: glob@10.4.5 want: ^9.0.4
662 silly placeDep ROOT minipass@7.1.3 OK for: glob@10.4.5 want: ^7.1.2
663 silly placeDep ROOT package-json-from-dist@1.0.1 OK for: glob@10.4.5 want: ^1.0.0
664 silly placeDep ROOT path-scurry@1.11.1 OK for: glob@10.4.5 want: ^1.11.1
665 silly fetch manifest cross-spawn@^7.0.6
666 silly packumentCache full:https://registry.npmmirror.com/cross-spawn cache-miss
667 silly fetch manifest signal-exit@^4.0.1
668 silly packumentCache full:https://registry.npmmirror.com/signal-exit cache-miss
669 silly fetch manifest @isaacs/cliui@^8.0.2
670 silly packumentCache full:https://registry.npmmirror.com/@isaacs%2fcliui cache-miss
671 silly fetch manifest @pkgjs/parseargs@^0.11.0
672 silly packumentCache full:https://registry.npmmirror.com/@pkgjs%2fparseargs cache-miss
673 silly fetch manifest brace-expansion@^2.0.2
674 silly packumentCache full:https://registry.npmmirror.com/brace-expansion cache-miss
675 silly fetch manifest lru-cache@^10.2.0
676 silly packumentCache full:https://registry.npmmirror.com/lru-cache cache-miss
677 http fetch GET 200 https://registry.npmmirror.com/lru-cache 133ms (cache miss)
678 silly packumentCache full:https://registry.npmmirror.com/lru-cache set size:107595 disposed:false
679 http fetch GET 200 https://registry.npmmirror.com/signal-exit 145ms (cache miss)
680 silly packumentCache full:https://registry.npmmirror.com/signal-exit set size:12845 disposed:false
681 http fetch GET 200 https://registry.npmmirror.com/cross-spawn 150ms (cache miss)
682 silly packumentCache full:https://registry.npmmirror.com/cross-spawn set size:19398 disposed:false
683 http fetch GET 200 https://registry.npmmirror.com/brace-expansion 164ms (cache miss)
684 silly packumentCache full:https://registry.npmmirror.com/brace-expansion set size:20500 disposed:false
685 http fetch GET 200 https://registry.npmmirror.com/@pkgjs%2fparseargs 170ms (cache miss)
686 silly packumentCache full:https://registry.npmmirror.com/@pkgjs%2fparseargs set size:19394 disposed:false
687 http fetch GET 200 https://registry.npmmirror.com/@isaacs%2fcliui 192ms (cache miss)
688 silly packumentCache full:https://registry.npmmirror.com/@isaacs%2fcliui set size:5073 disposed:false
689 silly placeDep ROOT cross-spawn@7.0.6 OK for: foreground-child@3.3.1 want: ^7.0.6
690 silly placeDep ROOT signal-exit@4.1.0 OK for: foreground-child@3.3.1 want: ^4.0.1
691 silly fetch manifest path-key@^3.1.0
692 silly packumentCache full:https://registry.npmmirror.com/path-key cache-miss
693 silly fetch manifest shebang-command@^2.0.0
694 silly packumentCache full:https://registry.npmmirror.com/shebang-command cache-miss
695 silly fetch manifest which@^2.0.1
696 silly packumentCache full:https://registry.npmmirror.com/which cache-miss
697 http fetch GET 200 https://registry.npmmirror.com/which 141ms (cache miss)
698 silly packumentCache full:https://registry.npmmirror.com/which set size:14745 disposed:false
699 http fetch GET 200 https://registry.npmmirror.com/shebang-command 144ms (cache miss)
700 silly packumentCache full:https://registry.npmmirror.com/shebang-command set size:2106 disposed:false
701 http fetch GET 200 https://registry.npmmirror.com/path-key 151ms (cache miss)
702 silly packumentCache full:https://registry.npmmirror.com/path-key set size:3439 disposed:false
703 silly placeDep ROOT path-key@3.1.1 OK for: cross-spawn@7.0.6 want: ^3.1.0
704 silly placeDep ROOT shebang-command@2.0.0 OK for: cross-spawn@7.0.6 want: ^2.0.0
705 silly placeDep ROOT which@2.0.2 OK for: cross-spawn@7.0.6 want: ^2.0.1
706 silly fetch manifest shebang-regex@^3.0.0
707 silly packumentCache full:https://registry.npmmirror.com/shebang-regex cache-miss
708 silly fetch manifest isexe@^2.0.0
709 silly packumentCache full:https://registry.npmmirror.com/isexe cache-miss
710 http fetch GET 200 https://registry.npmmirror.com/isexe 131ms (cache miss)
711 silly packumentCache full:https://registry.npmmirror.com/isexe set size:7230 disposed:false
712 http fetch GET 200 https://registry.npmmirror.com/shebang-regex 138ms (cache miss)
713 silly packumentCache full:https://registry.npmmirror.com/shebang-regex set size:2417 disposed:false
714 silly placeDep ROOT @isaacs/cliui@8.0.2 OK for: jackspeak@3.4.3 want: ^8.0.2
715 silly placeDep ROOT @pkgjs/parseargs@0.11.0 OK for: jackspeak@3.4.3 want: ^0.11.0
716 silly fetch manifest string-width@^5.1.2
717 silly packumentCache full:https://registry.npmmirror.com/string-width cache-hit
718 silly fetch manifest string-width-cjs@npm:string-width@^4.2.0
719 silly packumentCache full:https://registry.npmmirror.com/string-width cache-hit
720 silly fetch manifest strip-ansi-cjs@npm:strip-ansi@^6.0.1
721 silly packumentCache full:https://registry.npmmirror.com/strip-ansi cache-hit
722 silly fetch manifest wrap-ansi-cjs@npm:wrap-ansi@^7.0.0
723 silly packumentCache full:https://registry.npmmirror.com/wrap-ansi cache-hit
724 silly placeDep node_modules/@isaacs/cliui string-width@5.1.2 OK for: @isaacs/cliui@8.0.2 want: ^5.1.2
725 silly placeDep ROOT string-width-cjs@4.2.3 OK for: @isaacs/cliui@8.0.2 want: npm:string-width@^4.2.0
726 silly placeDep ROOT strip-ansi@7.2.0 OK for: @isaacs/cliui@8.0.2 want: ^7.0.1
727 silly placeDep ROOT strip-ansi-cjs@6.0.1 OK for: @isaacs/cliui@8.0.2 want: npm:strip-ansi@^6.0.1
728 silly placeDep ROOT wrap-ansi-cjs@7.0.0 OK for: @isaacs/cliui@8.0.2 want: npm:wrap-ansi@^7.0.0
729 silly fetch manifest eastasianwidth@^0.2.0
730 silly packumentCache full:https://registry.npmmirror.com/eastasianwidth cache-miss
731 silly fetch manifest emoji-regex@^9.2.2
732 silly packumentCache full:https://registry.npmmirror.com/emoji-regex cache-hit
733 silly fetch manifest ansi-regex@^6.2.2
734 silly packumentCache full:https://registry.npmmirror.com/ansi-regex cache-miss
735 silly fetch manifest ansi-regex@^5.0.1
736 silly packumentCache full:https://registry.npmmirror.com/ansi-regex cache-miss
737 silly fetch manifest strip-ansi@^6.0.0
738 silly packumentCache full:https://registry.npmmirror.com/strip-ansi cache-hit
739 http fetch GET 200 https://registry.npmmirror.com/ansi-regex 224ms (cache miss)
740 silly packumentCache full:https://registry.npmmirror.com/ansi-regex set size:10504 disposed:false
741 http fetch GET 200 https://registry.npmmirror.com/ansi-regex 238ms (cache miss)
742 silly packumentCache full:https://registry.npmmirror.com/ansi-regex set size:10504 disposed:false
743 silly packumentCache full:https://registry.npmmirror.com/ansi-regex dispose
744 http fetch GET 200 https://registry.npmmirror.com/eastasianwidth 256ms (cache miss)
745 silly packumentCache full:https://registry.npmmirror.com/eastasianwidth set size:2598 disposed:false
746 silly placeDep ROOT language-subtag-registry@0.3.23 OK for: language-tags@2.1.0 want: ^0.3.20
747 silly placeDep ROOT cli-truncate@4.0.0 OK for: listr2@8.3.3 want: ^4.0.0
748 silly placeDep ROOT colorette@2.0.20 OK for: listr2@8.3.3 want: ^2.0.20
749 silly placeDep ROOT eventemitter3@5.0.4 OK for: listr2@8.3.3 want: ^5.0.1
750 silly placeDep ROOT log-update@6.1.0 OK for: listr2@8.3.3 want: ^6.1.0
751 silly placeDep ROOT rfdc@1.4.1 OK for: listr2@8.3.3 want: ^1.4.1
752 silly placeDep node_modules/listr2 wrap-ansi@9.0.2 OK for: listr2@8.3.3 want: ^9.0.0
753 silly fetch manifest slice-ansi@^5.0.0
754 silly packumentCache full:https://registry.npmmirror.com/slice-ansi cache-hit
755 silly fetch manifest string-width@^7.0.0
756 silly packumentCache full:https://registry.npmmirror.com/string-width cache-hit
757 silly fetch manifest ansi-escapes@^7.0.0
758 silly packumentCache full:https://registry.npmmirror.com/ansi-escapes cache-miss
759 silly fetch manifest cli-cursor@^5.0.0
760 silly packumentCache full:https://registry.npmmirror.com/cli-cursor cache-miss
761 silly fetch manifest slice-ansi@^7.1.0
762 silly packumentCache full:https://registry.npmmirror.com/slice-ansi cache-hit
763 silly fetch manifest ansi-styles@^6.2.1
764 silly packumentCache full:https://registry.npmmirror.com/ansi-styles cache-hit
765 silly fetch manifest string-width@^7.0.0
766 silly packumentCache full:https://registry.npmmirror.com/string-width cache-hit
767 http fetch GET 200 https://registry.npmmirror.com/cli-cursor 496ms (cache miss)
768 silly packumentCache full:https://registry.npmmirror.com/cli-cursor set size:3946 disposed:false
769 http fetch GET 200 https://registry.npmmirror.com/ansi-escapes 515ms (cache miss)
770 silly packumentCache full:https://registry.npmmirror.com/ansi-escapes set size:14784 disposed:false
771 silly placeDep ROOT slice-ansi@5.0.0 OK for: cli-truncate@4.0.0 want: ^5.0.0
772 silly placeDep node_modules/cli-truncate string-width@7.2.0 OK for: cli-truncate@4.0.0 want: ^7.0.0
773 silly fetch manifest ansi-styles@^6.0.0
774 silly packumentCache full:https://registry.npmmirror.com/ansi-styles cache-hit
775 silly fetch manifest is-fullwidth-code-point@^4.0.0
776 silly packumentCache full:https://registry.npmmirror.com/is-fullwidth-code-point cache-hit
777 silly fetch manifest emoji-regex@^10.3.0
778 silly packumentCache full:https://registry.npmmirror.com/emoji-regex cache-hit
779 silly fetch manifest get-east-asian-width@^1.0.0
780 silly packumentCache full:https://registry.npmmirror.com/get-east-asian-width cache-miss
781 http fetch GET 200 https://registry.npmmirror.com/get-east-asian-width 195ms (cache miss)
782 silly packumentCache full:https://registry.npmmirror.com/get-east-asian-width set size:4839 disposed:false
783 silly placeDep ROOT ansi-escapes@7.3.0 OK for: log-update@6.1.0 want: ^7.0.0
784 silly placeDep ROOT cli-cursor@5.0.0 OK for: log-update@6.1.0 want: ^5.0.0
785 silly placeDep node_modules/log-update slice-ansi@7.1.2 OK for: log-update@6.1.0 want: ^7.1.0
786 silly placeDep node_modules/log-update wrap-ansi@9.0.2 OK for: log-update@6.1.0 want: ^9.0.0
787 silly fetch manifest environment@^1.0.0
788 silly packumentCache full:https://registry.npmmirror.com/environment cache-miss
789 silly fetch manifest restore-cursor@^5.0.0
790 silly packumentCache full:https://registry.npmmirror.com/restore-cursor cache-miss
791 silly fetch manifest is-fullwidth-code-point@^5.0.0
792 silly packumentCache full:https://registry.npmmirror.com/is-fullwidth-code-point cache-hit
793 http fetch GET 200 https://registry.npmmirror.com/environment 144ms (cache miss)
794 silly packumentCache full:https://registry.npmmirror.com/environment set size:3285 disposed:false
795 http fetch GET 200 https://registry.npmmirror.com/restore-cursor 144ms (cache miss)
796 silly packumentCache full:https://registry.npmmirror.com/restore-cursor set size:3681 disposed:false
797 silly placeDep ROOT environment@1.1.0 OK for: ansi-escapes@7.3.0 want: ^1.0.0
798 silly placeDep ROOT restore-cursor@5.1.0 OK for: cli-cursor@5.0.0 want: ^5.0.0
799 silly fetch manifest onetime@^7.0.0
800 silly packumentCache full:https://registry.npmmirror.com/onetime cache-miss
801 http fetch GET 200 https://registry.npmmirror.com/onetime 139ms (cache miss)
802 silly packumentCache full:https://registry.npmmirror.com/onetime set size:6018 disposed:false
803 silly placeDep ROOT braces@3.0.3 OK for: micromatch@4.0.8 want: ^3.0.3
804 silly placeDep ROOT picomatch@2.3.2 OK for: micromatch@4.0.8 want: ^2.3.1
805 silly fetch manifest fill-range@^7.1.1
806 silly packumentCache full:https://registry.npmmirror.com/fill-range cache-miss
807 http fetch GET 200 https://registry.npmmirror.com/fill-range 136ms (cache miss)
808 silly packumentCache full:https://registry.npmmirror.com/fill-range set size:14245 disposed:false
809 silly placeDep ROOT fill-range@7.1.1 OK for: braces@3.0.3 want: ^7.1.1
810 silly fetch manifest to-regex-range@^5.0.1
811 silly packumentCache full:https://registry.npmmirror.com/to-regex-range cache-miss
812 http fetch GET 200 https://registry.npmmirror.com/to-regex-range 135ms (cache miss)
813 silly packumentCache full:https://registry.npmmirror.com/to-regex-range set size:11477 disposed:false
814 silly placeDep ROOT to-regex-range@5.0.1 OK for: fill-range@7.1.1 want: ^5.0.1
815 silly fetch manifest is-number@^7.0.0
816 silly packumentCache full:https://registry.npmmirror.com/is-number cache-miss
817 http fetch GET 200 https://registry.npmmirror.com/is-number 130ms (cache miss)
818 silly packumentCache full:https://registry.npmmirror.com/is-number set size:7889 disposed:false
819 silly placeDep ROOT mime-db@1.52.0 OK for: mime-types@2.1.35 want: 1.52.0
820 silly placeDep ROOT brace-expansion@2.1.4 OK for: minimatch@9.0.9 want: ^2.0.2
821 silly fetch manifest balanced-match@^1.0.0
822 silly packumentCache full:https://registry.npmmirror.com/balanced-match cache-miss
823 http fetch GET 200 https://registry.npmmirror.com/balanced-match 124ms (cache miss)
824 silly packumentCache full:https://registry.npmmirror.com/balanced-match set size:7522 disposed:false
825 silly placeDep ROOT balanced-match@1.0.2 OK for: brace-expansion@2.1.4 want: ^1.0.0
826 silly placeDep ROOT iota-array@1.0.0 OK for: ndarray@1.1.1 want: ^1.0.0
827 silly placeDep ROOT is-buffer@1.1.6 OK for: ndarray@1.1.1 want: ^1.0.2
828 silly placeDep ROOT @types/ndarray@1.1.0 OK for: ndarray-lanczos@0.3.0 want: ^1.0.11
829 silly placeDep ROOT ndarray-ops@1.2.2 OK for: ndarray-pixels@5.2.0 want: ^1.2.2
830 silly placeDep node_modules/ndarray-pixels sharp@0.35.4 OK for: ndarray-pixels@5.2.0 want: ^0.35.0
831 silly fetch manifest cwise-compiler@^1.0.0
832 silly packumentCache full:https://registry.npmmirror.com/cwise-compiler cache-miss
833 silly fetch manifest semver@^7.8.5
834 silly packumentCache full:https://registry.npmmirror.com/semver cache-hit
835 silly fetch manifest @img/colour@^1.1.0
836 silly packumentCache full:https://registry.npmmirror.com/@img%2fcolour cache-hit
837 silly fetch manifest @img/sharp-linux-arm@0.35.4
838 silly packumentCache full:https://registry.npmmirror.com/@img%2fsharp-linux-arm cache-hit
839 silly fetch manifest @img/sharp-linux-x64@0.35.4
840 silly packumentCache full:https://registry.npmmirror.com/@img%2fsharp-linux-x64 cache-hit
841 silly fetch manifest @img/sharp-win32-x64@0.35.4
842 silly packumentCache full:https://registry.npmmirror.com/@img%2fsharp-win32-x64 cache-hit
843 silly fetch manifest @img/sharp-darwin-x64@0.35.4
844 silly packumentCache full:https://registry.npmmirror.com/@img%2fsharp-darwin-x64 cache-hit
845 silly fetch manifest @img/sharp-win32-ia32@0.35.4
846 silly packumentCache full:https://registry.npmmirror.com/@img%2fsharp-win32-ia32 cache-hit
847 silly fetch manifest @img/sharp-linux-arm64@0.35.4
848 silly packumentCache full:https://registry.npmmirror.com/@img%2fsharp-linux-arm64 cache-hit
849 silly fetch manifest @img/sharp-linux-ppc64@0.35.4
850 silly packumentCache full:https://registry.npmmirror.com/@img%2fsharp-linux-ppc64 cache-hit
851 silly fetch manifest @img/sharp-linux-s390x@0.35.4
852 silly packumentCache full:https://registry.npmmirror.com/@img%2fsharp-linux-s390x cache-hit
853 silly fetch manifest @img/sharp-win32-arm64@0.35.4
854 silly packumentCache full:https://registry.npmmirror.com/@img%2fsharp-win32-arm64 cache-hit
855 silly fetch manifest @img/sharp-darwin-arm64@0.35.4
856 silly packumentCache full:https://registry.npmmirror.com/@img%2fsharp-darwin-arm64 cache-hit
857 silly fetch manifest @img/sharp-linux-riscv64@0.35.4
858 silly packumentCache full:https://registry.npmmirror.com/@img%2fsharp-linux-riscv64 cache-hit
859 silly fetch manifest @img/sharp-linuxmusl-x64@0.35.4
860 silly packumentCache full:https://registry.npmmirror.com/@img%2fsharp-linuxmusl-x64 cache-hit
861 silly fetch manifest @img/sharp-freebsd-wasm32@0.35.4
862 silly packumentCache full:https://registry.npmmirror.com/@img%2fsharp-freebsd-wasm32 cache-miss
863 silly fetch manifest @img/sharp-linuxmusl-arm64@0.35.4
864 silly packumentCache full:https://registry.npmmirror.com/@img%2fsharp-linuxmusl-arm64 cache-hit
865 silly fetch manifest @img/sharp-libvips-linux-arm@1.3.3
866 silly packumentCache full:https://registry.npmmirror.com/@img%2fsharp-libvips-linux-arm cache-hit
867 silly fetch manifest @img/sharp-libvips-linux-x64@1.3.3
868 silly packumentCache full:https://registry.npmmirror.com/@img%2fsharp-libvips-linux-x64 cache-hit
869 silly fetch manifest @img/sharp-libvips-darwin-x64@1.3.3
870 silly packumentCache full:https://registry.npmmirror.com/@img%2fsharp-libvips-darwin-x64 cache-hit
871 silly fetch manifest @img/sharp-libvips-linux-arm64@1.3.3
872 silly packumentCache full:https://registry.npmmirror.com/@img%2fsharp-libvips-linux-arm64 cache-hit
873 silly fetch manifest @img/sharp-libvips-linux-ppc64@1.3.3
874 silly packumentCache full:https://registry.npmmirror.com/@img%2fsharp-libvips-linux-ppc64 cache-hit
875 silly fetch manifest @img/sharp-libvips-linux-s390x@1.3.3
876 silly packumentCache full:https://registry.npmmirror.com/@img%2fsharp-libvips-linux-s390x cache-hit
877 silly fetch manifest @img/sharp-libvips-darwin-arm64@1.3.3
878 silly packumentCache full:https://registry.npmmirror.com/@img%2fsharp-libvips-darwin-arm64 cache-hit
879 silly fetch manifest @img/sharp-webcontainers-wasm32@0.35.4
880 silly packumentCache full:https://registry.npmmirror.com/@img%2fsharp-webcontainers-wasm32 cache-miss
881 silly fetch manifest @img/sharp-libvips-linux-riscv64@1.3.3
882 silly packumentCache full:https://registry.npmmirror.com/@img%2fsharp-libvips-linux-riscv64 cache-hit
883 silly fetch manifest @img/sharp-libvips-linuxmusl-x64@1.3.3
884 silly packumentCache full:https://registry.npmmirror.com/@img%2fsharp-libvips-linuxmusl-x64 cache-hit
885 silly fetch manifest @img/sharp-libvips-linuxmusl-arm64@1.3.3
886 silly packumentCache full:https://registry.npmmirror.com/@img%2fsharp-libvips-linuxmusl-arm64 cache-hit
887 http fetch GET 200 https://registry.npmmirror.com/cwise-compiler 112ms (cache miss)
888 silly packumentCache full:https://registry.npmmirror.com/cwise-compiler set size:2996 disposed:false
889 http fetch GET 200 https://registry.npmmirror.com/@img%2fsharp-webcontainers-wasm32 116ms (cache miss)
890 silly packumentCache full:https://registry.npmmirror.com/@img%2fsharp-webcontainers-wasm32 set size:9159 disposed:false
891 http fetch GET 200 https://registry.npmmirror.com/@img%2fsharp-freebsd-wasm32 144ms (cache miss)
892 silly packumentCache full:https://registry.npmmirror.com/@img%2fsharp-freebsd-wasm32 set size:8918 disposed:false
893 silly placeDep ROOT cwise-compiler@1.1.3 OK for: ndarray-ops@1.2.2 want: ^1.0.0
894 silly fetch manifest uniq@^1.0.0
895 silly packumentCache full:https://registry.npmmirror.com/uniq cache-miss
896 http fetch GET 200 https://registry.npmmirror.com/uniq 132ms (cache miss)
897 silly packumentCache full:https://registry.npmmirror.com/uniq set size:2187 disposed:false
898 silly placeDep ROOT uniq@1.0.1 OK for: cwise-compiler@1.1.3 want: ^1.0.0
899 silly placeDep ROOT data-uri-to-buffer@4.0.1 OK for: node-fetch@3.3.2 want: ^4.0.0
900 silly placeDep ROOT fetch-blob@3.2.0 OK for: node-fetch@3.3.2 want: ^3.1.4
901 silly placeDep ROOT formdata-polyfill@4.0.10 OK for: node-fetch@3.3.2 want: ^4.0.10
902 silly fetch manifest node-domexception@^1.0.0
903 silly packumentCache full:https://registry.npmmirror.com/node-domexception cache-miss
904 silly fetch manifest web-streams-polyfill@^3.0.3
905 silly packumentCache full:https://registry.npmmirror.com/web-streams-polyfill cache-miss
906 http fetch GET 200 https://registry.npmmirror.com/node-domexception 127ms (cache miss)
907 silly packumentCache full:https://registry.npmmirror.com/node-domexception set size:4561 disposed:false
908 http fetch GET 200 https://registry.npmmirror.com/web-streams-polyfill 240ms (cache miss)
909 silly packumentCache full:https://registry.npmmirror.com/web-streams-polyfill set size:24131 disposed:false
910 silly placeDep ROOT node-domexception@1.0.0 OK for: fetch-blob@3.2.0 want: ^1.0.0
911 silly placeDep ROOT web-streams-polyfill@3.3.3 OK for: fetch-blob@3.2.0 want: ^3.0.3
912 silly placeDep ROOT lru-cache@10.4.3 OK for: path-scurry@1.11.1 want: ^10.2.0
913 silly placeDep ROOT sisteransi@1.0.5 OK for: prompts@2.4.2 want: ^1.0.5
914 silly placeDep ROOT onetime@7.0.0 OK for: restore-cursor@5.1.0 want: ^7.0.0
915 silly fetch manifest mimic-function@^5.0.0
916 silly packumentCache full:https://registry.npmmirror.com/mimic-function cache-miss
917 http fetch GET 200 https://registry.npmmirror.com/mimic-function 144ms (cache miss)
918 silly packumentCache full:https://registry.npmmirror.com/mimic-function set size:2460 disposed:false
919 silly placeDep ROOT mimic-function@5.0.1 OK for: onetime@7.0.0 want: ^5.0.0
920 silly placeDep ROOT @img/colour@1.1.0 OK for: sharp@0.34.5 want: ^1.0.0
921 silly placeDep ROOT @img/sharp-darwin-arm64@0.34.5 OK for: sharp@0.34.5 want: 0.34.5
922 silly placeDep ROOT @img/sharp-darwin-x64@0.34.5 OK for: sharp@0.34.5 want: 0.34.5
923 silly placeDep ROOT @img/sharp-libvips-darwin-arm64@1.2.4 OK for: sharp@0.34.5 want: 1.2.4
924 silly placeDep ROOT @img/sharp-libvips-darwin-x64@1.2.4 OK for: sharp@0.34.5 want: 1.2.4
925 silly placeDep ROOT @img/sharp-libvips-linux-arm@1.2.4 OK for: sharp@0.34.5 want: 1.2.4
926 silly placeDep ROOT @img/sharp-libvips-linux-arm64@1.2.4 OK for: sharp@0.34.5 want: 1.2.4
927 silly placeDep ROOT @img/sharp-libvips-linux-ppc64@1.2.4 OK for: sharp@0.34.5 want: 1.2.4
928 silly placeDep ROOT @img/sharp-libvips-linux-riscv64@1.2.4 OK for: sharp@0.34.5 want: 1.2.4
929 silly placeDep ROOT @img/sharp-libvips-linux-s390x@1.2.4 OK for: sharp@0.34.5 want: 1.2.4
930 silly placeDep ROOT @img/sharp-libvips-linux-x64@1.2.4 OK for: sharp@0.34.5 want: 1.2.4
931 silly placeDep ROOT @img/sharp-libvips-linuxmusl-arm64@1.2.4 OK for: sharp@0.34.5 want: 1.2.4
932 silly placeDep ROOT @img/sharp-libvips-linuxmusl-x64@1.2.4 OK for: sharp@0.34.5 want: 1.2.4
933 silly placeDep ROOT @img/sharp-linux-arm@0.34.5 OK for: sharp@0.34.5 want: 0.34.5
934 silly placeDep ROOT @img/sharp-linux-arm64@0.34.5 OK for: sharp@0.34.5 want: 0.34.5
935 silly placeDep ROOT @img/sharp-linux-ppc64@0.34.5 OK for: sharp@0.34.5 want: 0.34.5
936 silly placeDep ROOT @img/sharp-linux-riscv64@0.34.5 OK for: sharp@0.34.5 want: 0.34.5
937 silly placeDep ROOT @img/sharp-linux-s390x@0.34.5 OK for: sharp@0.34.5 want: 0.34.5
938 silly placeDep ROOT @img/sharp-linux-x64@0.34.5 OK for: sharp@0.34.5 want: 0.34.5
939 silly placeDep ROOT @img/sharp-linuxmusl-arm64@0.34.5 OK for: sharp@0.34.5 want: 0.34.5
940 silly placeDep ROOT @img/sharp-linuxmusl-x64@0.34.5 OK for: sharp@0.34.5 want: 0.34.5
941 silly placeDep ROOT @img/sharp-wasm32@0.34.5 OK for: sharp@0.34.5 want: 0.34.5
942 silly placeDep ROOT @img/sharp-win32-arm64@0.34.5 OK for: sharp@0.34.5 want: 0.34.5
943 silly placeDep ROOT @img/sharp-win32-ia32@0.34.5 OK for: sharp@0.34.5 want: 0.34.5
944 silly placeDep ROOT @img/sharp-win32-x64@0.34.5 OK for: sharp@0.34.5 want: 0.34.5
945 silly placeDep ROOT detect-libc@2.1.2 OK for: sharp@0.34.5 want: ^2.1.2
946 silly placeDep ROOT semver@7.8.5 OK for: sharp@0.34.5 want: ^7.7.3
947 silly fetch manifest @emnapi/runtime@^1.7.0
948 silly packumentCache full:https://registry.npmmirror.com/@emnapi%2fruntime cache-miss
949 http fetch GET 200 https://registry.npmmirror.com/@emnapi%2fruntime 156ms (cache miss)
950 silly packumentCache full:https://registry.npmmirror.com/@emnapi%2fruntime set size:30299 disposed:false
951 silly placeDep ROOT @emnapi/runtime@1.11.3 OK for: @img/sharp-wasm32@0.34.5 want: ^1.7.0
952 silly fetch manifest tslib@^2.4.0
953 silly packumentCache full:https://registry.npmmirror.com/tslib cache-miss
954 http fetch GET 200 https://registry.npmmirror.com/tslib 173ms (cache miss)
955 silly packumentCache full:https://registry.npmmirror.com/tslib set size:33198 disposed:false
956 silly placeDep ROOT tslib@2.8.1 OK for: @emnapi/runtime@1.11.3 want: ^2.4.0
957 silly placeDep ROOT shebang-regex@3.0.0 OK for: shebang-command@2.0.0 want: ^3.0.0
958 silly placeDep node_modules/slice-ansi ansi-styles@6.2.3 OK for: slice-ansi@5.0.0 want: ^6.0.0
959 silly placeDep ROOT is-fullwidth-code-point@4.0.0 OK for: slice-ansi@5.0.0 want: ^4.0.0
960 silly placeDep ROOT emoji-regex@8.0.0 OK for: string-width@4.2.3 want: ^8.0.0
961 silly placeDep node_modules/string-width is-fullwidth-code-point@3.0.0 OK for: string-width@4.2.3 want: ^3.0.0
962 silly placeDep node_modules/string-width strip-ansi@6.0.1 OK for: string-width@4.2.3 want: ^6.0.1
963 silly placeDep node_modules/string-width-cjs is-fullwidth-code-point@3.0.0 OK for: string-width@4.2.3 want: ^3.0.0
964 silly placeDep node_modules/string-width-cjs strip-ansi@6.0.1 OK for: string-width@4.2.3 want: ^6.0.1
965 silly placeDep ROOT ansi-regex@6.3.0 OK for: strip-ansi@7.2.0 want: ^6.2.2
966 silly placeDep node_modules/strip-ansi-cjs ansi-regex@5.0.1 OK for: strip-ansi@6.0.1 want: ^5.0.1
967 silly placeDep ROOT has-flag@4.0.0 OK for: supports-color@7.2.0 want: ^4.0.0
968 silly placeDep ROOT ajv@6.15.0 OK for: table@5.4.6 want: ^6.10.2
969 silly placeDep node_modules/table slice-ansi@2.1.0 OK for: table@5.4.6 want: ^2.1.0
970 silly placeDep node_modules/table string-width@3.1.0 OK for: table@5.4.6 want: ^3.0.0
971 silly fetch manifest fast-deep-equal@^3.1.1
972 silly packumentCache full:https://registry.npmmirror.com/fast-deep-equal cache-miss
973 silly fetch manifest fast-json-stable-stringify@^2.0.0
974 silly packumentCache full:https://registry.npmmirror.com/fast-json-stable-stringify cache-miss
975 silly fetch manifest json-schema-traverse@^0.4.1
976 silly packumentCache full:https://registry.npmmirror.com/json-schema-traverse cache-miss
977 silly fetch manifest uri-js@^4.2.2
978 silly packumentCache full:https://registry.npmmirror.com/uri-js cache-miss
979 silly fetch manifest ansi-styles@^3.2.0
980 silly packumentCache full:https://registry.npmmirror.com/ansi-styles cache-hit
981 silly fetch manifest astral-regex@^1.0.0
982 silly packumentCache full:https://registry.npmmirror.com/astral-regex cache-miss
983 silly fetch manifest is-fullwidth-code-point@^2.0.0
984 silly packumentCache full:https://registry.npmmirror.com/is-fullwidth-code-point cache-hit
985 silly fetch manifest emoji-regex@^7.0.1
986 silly packumentCache full:https://registry.npmmirror.com/emoji-regex cache-hit
987 silly fetch manifest is-fullwidth-code-point@^2.0.0
988 silly packumentCache full:https://registry.npmmirror.com/is-fullwidth-code-point cache-hit
989 silly fetch manifest strip-ansi@^5.1.0
990 silly packumentCache full:https://registry.npmmirror.com/strip-ansi cache-hit
991 http fetch GET 200 https://registry.npmmirror.com/json-schema-traverse 97ms (cache miss)
992 silly packumentCache full:https://registry.npmmirror.com/json-schema-traverse set size:4662 disposed:false
993 http fetch GET 200 https://registry.npmmirror.com/uri-js 97ms (cache miss)
994 silly packumentCache full:https://registry.npmmirror.com/uri-js set size:8117 disposed:false
995 http fetch GET 200 https://registry.npmmirror.com/fast-json-stable-stringify 100ms (cache miss)
996 silly packumentCache full:https://registry.npmmirror.com/fast-json-stable-stringify set size:3326 disposed:false
997 http fetch GET 200 https://registry.npmmirror.com/fast-deep-equal 104ms (cache miss)
998 silly packumentCache full:https://registry.npmmirror.com/fast-deep-equal set size:6487 disposed:false
999 http fetch GET 200 https://registry.npmmirror.com/astral-regex 105ms (cache miss)
1000 silly packumentCache full:https://registry.npmmirror.com/astral-regex set size:1717 disposed:false
1001 silly placeDep ROOT fast-deep-equal@3.1.3 OK for: ajv@6.15.0 want: ^3.1.1
1002 silly placeDep ROOT fast-json-stable-stringify@2.1.0 OK for: ajv@6.15.0 want: ^2.0.0
1003 silly placeDep ROOT json-schema-traverse@0.4.1 OK for: ajv@6.15.0 want: ^0.4.1
1004 silly placeDep ROOT uri-js@4.4.1 OK for: ajv@6.15.0 want: ^4.2.2
1005 silly fetch manifest punycode@^2.1.0
1006 silly packumentCache full:https://registry.npmmirror.com/punycode cache-miss
1007 http fetch GET 200 https://registry.npmmirror.com/punycode 103ms (cache miss)
1008 silly packumentCache full:https://registry.npmmirror.com/punycode set size:14294 disposed:false
1009 silly placeDep ROOT is-number@7.0.0 OK for: to-regex-range@5.0.1 want: ^7.0.0
1010 silly placeDep ROOT punycode@2.3.1 OK for: uri-js@4.4.1 want: ^2.1.0
1011 silly placeDep ROOT isexe@2.0.0 OK for: which@2.0.2 want: ^2.0.0
1012 silly placeDep ROOT @dabh/diagnostics@2.0.8 OK for: winston@3.10.0 want: ^2.0.2
1013 silly placeDep ROOT async@3.2.6 OK for: winston@3.10.0 want: ^3.2.3
1014 silly placeDep ROOT is-stream@2.0.1 OK for: winston@3.10.0 want: ^2.0.0
1015 silly placeDep ROOT logform@2.7.0 OK for: winston@3.10.0 want: ^2.4.0
1016 silly placeDep ROOT one-time@1.0.0 OK for: winston@3.10.0 want: ^1.0.0
1017 silly placeDep ROOT readable-stream@3.6.2 OK for: winston@3.10.0 want: ^3.4.0
1018 silly placeDep ROOT safe-stable-stringify@2.5.0 OK for: winston@3.10.0 want: ^2.3.1
1019 silly placeDep ROOT stack-trace@0.0.10 OK for: winston@3.10.0 want: 0.0.x
1020 silly placeDep ROOT triple-beam@1.4.1 OK for: winston@3.10.0 want: ^1.3.0
1021 silly placeDep ROOT winston-transport@4.9.0 OK for: winston@3.10.0 want: ^4.5.0
1022 silly fetch manifest @so-ric/colorspace@^1.1.6
1023 silly packumentCache full:https://registry.npmmirror.com/@so-ric%2fcolorspace cache-miss
1024 silly fetch manifest enabled@2.0.x
1025 silly packumentCache full:https://registry.npmmirror.com/enabled cache-miss
1026 silly fetch manifest kuler@^2.0.0
1027 silly packumentCache full:https://registry.npmmirror.com/kuler cache-miss
1028 silly fetch manifest @colors/colors@1.6.0
1029 silly packumentCache full:https://registry.npmmirror.com/@colors%2fcolors cache-hit
1030 silly fetch manifest @types/triple-beam@^1.3.2
1031 silly packumentCache full:https://registry.npmmirror.com/@types%2ftriple-beam cache-miss
1032 silly fetch manifest fecha@^4.2.0
1033 silly packumentCache full:https://registry.npmmirror.com/fecha cache-miss
1034 silly fetch manifest ms@^2.1.1
1035 silly packumentCache full:https://registry.npmmirror.com/ms cache-miss
1036 silly fetch manifest fn.name@1.x.x
1037 silly packumentCache full:https://registry.npmmirror.com/fn.name cache-miss
1038 silly fetch manifest inherits@^2.0.3
1039 silly packumentCache full:https://registry.npmmirror.com/inherits cache-miss
1040 silly fetch manifest string_decoder@^1.1.1
1041 silly packumentCache full:https://registry.npmmirror.com/string_decoder cache-miss
1042 silly fetch manifest util-deprecate@^1.0.1
1043 silly packumentCache full:https://registry.npmmirror.com/util-deprecate cache-miss
1044 http fetch GET 200 https://registry.npmmirror.com/inherits 480ms (cache miss)
1045 silly packumentCache full:https://registry.npmmirror.com/inherits set size:3419 disposed:false
1046 http fetch GET 200 https://registry.npmmirror.com/util-deprecate 483ms (cache miss)
1047 silly packumentCache full:https://registry.npmmirror.com/util-deprecate set size:2289 disposed:false
1048 http fetch GET 200 https://registry.npmmirror.com/string_decoder 488ms (cache miss)
1049 silly packumentCache full:https://registry.npmmirror.com/string_decoder set size:5759 disposed:false
1050 http fetch GET 200 https://registry.npmmirror.com/kuler 519ms (cache miss)
1051 silly packumentCache full:https://registry.npmmirror.com/kuler set size:2343 disposed:false
1052 http fetch GET 200 https://registry.npmmirror.com/@types%2ftriple-beam 520ms (cache miss)
1053 silly packumentCache full:https://registry.npmmirror.com/@types%2ftriple-beam set size:3199 disposed:false
1054 http fetch GET 200 https://registry.npmmirror.com/fn.name 520ms (cache miss)
1055 silly packumentCache full:https://registry.npmmirror.com/fn.name set size:2187 disposed:false
1056 http fetch GET 200 https://registry.npmmirror.com/fecha 521ms (cache miss)
1057 silly packumentCache full:https://registry.npmmirror.com/fecha set size:12474 disposed:false
1058 http fetch GET 200 https://registry.npmmirror.com/enabled 528ms (cache miss)
1059 silly packumentCache full:https://registry.npmmirror.com/enabled set size:2559 disposed:false
1060 http fetch GET 200 https://registry.npmmirror.com/ms 528ms (cache miss)
1061 silly packumentCache full:https://registry.npmmirror.com/ms set size:15985 disposed:false
1062 http fetch GET 200 https://registry.npmmirror.com/@so-ric%2fcolorspace 537ms (cache miss)
1063 silly packumentCache full:https://registry.npmmirror.com/@so-ric%2fcolorspace set size:2596 disposed:false
1064 silly placeDep ROOT @so-ric/colorspace@1.1.6 OK for: @dabh/diagnostics@2.0.8 want: ^1.1.6
1065 silly placeDep ROOT enabled@2.0.0 OK for: @dabh/diagnostics@2.0.8 want: 2.0.x
1066 silly placeDep ROOT kuler@2.0.0 OK for: @dabh/diagnostics@2.0.8 want: ^2.0.0
1067 silly fetch manifest color@^5.0.2
1068 silly packumentCache full:https://registry.npmmirror.com/color cache-miss
1069 silly fetch manifest text-hex@1.0.x
1070 silly packumentCache full:https://registry.npmmirror.com/text-hex cache-miss
1071 http fetch GET 200 https://registry.npmmirror.com/text-hex 110ms (cache miss)
1072 silly packumentCache full:https://registry.npmmirror.com/text-hex set size:1378 disposed:false
1073 http fetch GET 200 https://registry.npmmirror.com/color 194ms (cache miss)
1074 silly packumentCache full:https://registry.npmmirror.com/color set size:21319 disposed:false
1075 silly placeDep ROOT color@5.0.3 OK for: @so-ric/colorspace@1.1.6 want: ^5.0.2
1076 silly placeDep ROOT text-hex@1.0.0 OK for: @so-ric/colorspace@1.1.6 want: 1.0.x
1077 silly fetch manifest color-convert@^3.1.3
1078 silly packumentCache full:https://registry.npmmirror.com/color-convert cache-hit
1079 silly fetch manifest color-string@^2.1.3
1080 silly packumentCache full:https://registry.npmmirror.com/color-string cache-miss
1081 http fetch GET 200 https://registry.npmmirror.com/color-string 186ms (cache miss)
1082 silly packumentCache full:https://registry.npmmirror.com/color-string set size:19944 disposed:false
1083 silly placeDep node_modules/color color-convert@3.1.3 OK for: color@5.0.3 want: ^3.1.3
1084 silly placeDep ROOT color-string@2.1.4 OK for: color@5.0.3 want: ^2.1.3
1085 silly fetch manifest color-name@^2.0.0
1086 silly packumentCache full:https://registry.npmmirror.com/color-name cache-hit
1087 silly fetch manifest color-name@^2.0.0
1088 silly packumentCache full:https://registry.npmmirror.com/color-name cache-hit
1089 silly placeDep node_modules/color-string color-name@2.1.1 OK for: color-string@2.1.4 want: ^2.0.0
1090 silly placeDep node_modules/logform @colors/colors@1.6.0 OK for: logform@2.7.0 want: 1.6.0
1091 silly placeDep ROOT @types/triple-beam@1.3.5 OK for: logform@2.7.0 want: ^1.3.2
1092 silly placeDep ROOT fecha@4.2.3 OK for: logform@2.7.0 want: ^4.2.0
1093 silly placeDep ROOT ms@2.1.3 OK for: logform@2.7.0 want: ^2.1.1
1094 silly placeDep ROOT fn.name@1.1.0 OK for: one-time@1.0.0 want: 1.x.x
1095 silly placeDep ROOT inherits@2.0.4 OK for: readable-stream@3.6.2 want: ^2.0.3
1096 silly placeDep ROOT string_decoder@1.3.0 OK for: readable-stream@3.6.2 want: ^1.1.1
1097 silly placeDep ROOT util-deprecate@1.0.2 OK for: readable-stream@3.6.2 want: ^1.0.1
1098 silly fetch manifest safe-buffer@~5.2.0
1099 silly packumentCache full:https://registry.npmmirror.com/safe-buffer cache-miss
1100 http fetch GET 200 https://registry.npmmirror.com/safe-buffer 176ms (cache miss)
1101 silly packumentCache full:https://registry.npmmirror.com/safe-buffer set size:11685 disposed:false
1102 silly placeDep ROOT safe-buffer@5.2.1 OK for: string_decoder@1.3.0 want: ~5.2.0
1103 silly placeDep node_modules/wrap-ansi ansi-styles@6.2.3 OK for: wrap-ansi@8.1.0 want: ^6.1.0
1104 silly placeDep node_modules/wrap-ansi string-width@5.1.2 OK for: wrap-ansi@8.1.0 want: ^5.0.1
1105 silly placeDep node_modules/wrap-ansi-cjs strip-ansi@6.0.1 OK for: wrap-ansi@7.0.0 want: ^6.0.0
1106 silly placeDep ROOT eastasianwidth@0.2.0 OK for: string-width@5.1.2 want: ^0.2.0
1107 silly placeDep node_modules/@isaacs/cliui emoji-regex@9.2.2 OK for: string-width@5.1.2 want: ^9.2.2
1108 silly placeDep node_modules/cli-truncate emoji-regex@10.6.0 OK for: string-width@7.2.0 want: ^10.3.0
1109 silly placeDep ROOT get-east-asian-width@1.6.0 OK for: string-width@7.2.0 want: ^1.0.0
1110 silly placeDep node_modules/color color-name@2.1.1 OK for: color-convert@3.1.3 want: ^2.0.0
1111 silly placeDep node_modules/listr2 ansi-styles@6.2.3 OK for: wrap-ansi@9.0.2 want: ^6.2.1
1112 silly placeDep node_modules/listr2 string-width@7.2.0 OK for: wrap-ansi@9.0.2 want: ^7.0.0
1113 silly placeDep node_modules/listr2 emoji-regex@10.6.0 OK for: string-width@7.2.0 want: ^10.3.0
1114 silly placeDep node_modules/log-update ansi-styles@6.2.3 OK for: slice-ansi@7.1.2 want: ^6.2.1
1115 silly placeDep node_modules/log-update is-fullwidth-code-point@5.1.0 OK for: slice-ansi@7.1.2 want: ^5.0.0
1116 silly placeDep node_modules/log-update string-width@7.2.0 OK for: wrap-ansi@9.0.2 want: ^7.0.0
1117 silly placeDep node_modules/log-update emoji-regex@10.6.0 OK for: string-width@7.2.0 want: ^10.3.0
1118 silly placeDep node_modules/ndarray-pixels @img/sharp-darwin-arm64@0.35.4 OK for: sharp@0.35.4 want: 0.35.4
1119 silly placeDep node_modules/ndarray-pixels @img/sharp-darwin-x64@0.35.4 OK for: sharp@0.35.4 want: 0.35.4
1120 silly placeDep ROOT @img/sharp-freebsd-wasm32@0.35.4 OK for: sharp@0.35.4 want: 0.35.4
1121 silly placeDep node_modules/ndarray-pixels @img/sharp-libvips-darwin-arm64@1.3.3 OK for: sharp@0.35.4 want: 1.3.3
1122 silly placeDep node_modules/ndarray-pixels @img/sharp-libvips-darwin-x64@1.3.3 OK for: sharp@0.35.4 want: 1.3.3
1123 silly placeDep node_modules/ndarray-pixels @img/sharp-libvips-linux-arm@1.3.3 OK for: sharp@0.35.4 want: 1.3.3
1124 silly placeDep node_modules/ndarray-pixels @img/sharp-libvips-linux-arm64@1.3.3 OK for: sharp@0.35.4 want: 1.3.3
1125 silly placeDep node_modules/ndarray-pixels @img/sharp-libvips-linux-ppc64@1.3.3 OK for: sharp@0.35.4 want: 1.3.3
1126 silly placeDep node_modules/ndarray-pixels @img/sharp-libvips-linux-riscv64@1.3.3 OK for: sharp@0.35.4 want: 1.3.3
1127 silly placeDep node_modules/ndarray-pixels @img/sharp-libvips-linux-s390x@1.3.3 OK for: sharp@0.35.4 want: 1.3.3
1128 silly placeDep node_modules/ndarray-pixels @img/sharp-libvips-linux-x64@1.3.3 OK for: sharp@0.35.4 want: 1.3.3
1129 silly placeDep node_modules/ndarray-pixels @img/sharp-libvips-linuxmusl-arm64@1.3.3 OK for: sharp@0.35.4 want: 1.3.3
1130 silly placeDep node_modules/ndarray-pixels @img/sharp-libvips-linuxmusl-x64@1.3.3 OK for: sharp@0.35.4 want: 1.3.3
1131 silly placeDep node_modules/ndarray-pixels @img/sharp-linux-arm@0.35.4 OK for: sharp@0.35.4 want: 0.35.4
1132 silly placeDep node_modules/ndarray-pixels @img/sharp-linux-arm64@0.35.4 OK for: sharp@0.35.4 want: 0.35.4
1133 silly placeDep node_modules/ndarray-pixels @img/sharp-linux-ppc64@0.35.4 OK for: sharp@0.35.4 want: 0.35.4
1134 silly placeDep node_modules/ndarray-pixels @img/sharp-linux-riscv64@0.35.4 OK for: sharp@0.35.4 want: 0.35.4
1135 silly placeDep node_modules/ndarray-pixels @img/sharp-linux-s390x@0.35.4 OK for: sharp@0.35.4 want: 0.35.4
1136 silly placeDep node_modules/ndarray-pixels @img/sharp-linux-x64@0.35.4 OK for: sharp@0.35.4 want: 0.35.4
1137 silly placeDep node_modules/ndarray-pixels @img/sharp-linuxmusl-arm64@0.35.4 OK for: sharp@0.35.4 want: 0.35.4
1138 silly placeDep node_modules/ndarray-pixels @img/sharp-linuxmusl-x64@0.35.4 OK for: sharp@0.35.4 want: 0.35.4
1139 silly placeDep ROOT @img/sharp-webcontainers-wasm32@0.35.4 OK for: sharp@0.35.4 want: 0.35.4
1140 silly placeDep node_modules/ndarray-pixels @img/sharp-win32-arm64@0.35.4 OK for: sharp@0.35.4 want: 0.35.4
1141 silly placeDep node_modules/ndarray-pixels @img/sharp-win32-ia32@0.35.4 OK for: sharp@0.35.4 want: 0.35.4
1142 silly placeDep node_modules/ndarray-pixels @img/sharp-win32-x64@0.35.4 OK for: sharp@0.35.4 want: 0.35.4
1143 silly fetch manifest @img/sharp-wasm32@0.35.4
1144 silly packumentCache full:https://registry.npmmirror.com/@img%2fsharp-wasm32 cache-hit
1145 silly fetch manifest @img/sharp-wasm32@0.35.4
1146 silly packumentCache full:https://registry.npmmirror.com/@img%2fsharp-wasm32 cache-hit
1147 silly placeDep node_modules/@img/sharp-freebsd-wasm32 @img/sharp-wasm32@0.35.4 OK for: @img/sharp-freebsd-wasm32@0.35.4 want: 0.35.4
1148 silly placeDep node_modules/@img/sharp-webcontainers-wasm32 @img/sharp-wasm32@0.35.4 OK for: @img/sharp-webcontainers-wasm32@0.35.4 want: 0.35.4
1149 silly placeDep node_modules/string-width-cjs ansi-regex@5.0.1 OK for: strip-ansi@6.0.1 want: ^5.0.1
1150 silly placeDep node_modules/string-width ansi-regex@5.0.1 OK for: strip-ansi@6.0.1 want: ^5.0.1
1151 silly placeDep node_modules/table ansi-styles@3.2.1 OK for: slice-ansi@2.1.0 want: ^3.2.0
1152 silly placeDep ROOT astral-regex@1.0.0 OK for: slice-ansi@2.1.0 want: ^1.0.0
1153 silly placeDep node_modules/table is-fullwidth-code-point@2.0.0 OK for: slice-ansi@2.1.0 want: ^2.0.0
1154 silly fetch manifest color-convert@^1.9.0
1155 silly packumentCache full:https://registry.npmmirror.com/color-convert cache-hit
1156 silly placeDep node_modules/table color-convert@1.9.3 OK for: ansi-styles@3.2.1 want: ^1.9.0
1157 silly fetch manifest color-name@1.1.3
1158 silly packumentCache full:https://registry.npmmirror.com/color-name cache-hit
1159 silly placeDep node_modules/table color-name@1.1.3 OK for: color-convert@1.9.3 want: 1.1.3
1160 silly placeDep node_modules/table emoji-regex@7.0.3 OK for: string-width@3.1.0 want: ^7.0.1
1161 silly placeDep node_modules/table strip-ansi@5.2.0 OK for: string-width@3.1.0 want: ^5.1.0
1162 silly fetch manifest ansi-regex@^4.1.0
1163 silly packumentCache full:https://registry.npmmirror.com/ansi-regex cache-hit
1164 silly placeDep node_modules/table ansi-regex@4.1.1 OK for: strip-ansi@5.2.0 want: ^4.1.0
1165 silly placeDep node_modules/wrap-ansi-cjs ansi-regex@5.0.1 OK for: strip-ansi@6.0.1 want: ^5.0.1
1166 silly placeDep node_modules/wrap-ansi emoji-regex@9.2.2 OK for: string-width@5.1.2 want: ^9.2.2
1167 silly reify moves {}
1168 silly audit bulk request {
1168 silly audit   '@gltf-transform/cli': [ '4.4.2' ],
1168 silly audit   '@donmccurdy/caporal': [ '0.0.10' ],
1168 silly audit   '@gltf-transform/core': [ '4.4.2' ],
1168 silly audit   '@gltf-transform/extensions': [ '4.4.2' ],
1168 silly audit   '@gltf-transform/functions': [ '4.4.2' ],
1168 silly audit   '@types/language-tags': [ '1.0.4' ],
1168 silly audit   '@types/micromatch': [ '4.0.10' ],
1168 silly audit   '@types/node-fetch': [ '2.6.13' ],
1168 silly audit   '@types/prompts': [ '2.4.9' ],
1168 silly audit   '@types/tmp': [ '0.2.6' ],
1168 silly audit   'cli-table3': [ '0.6.5' ],
1168 silly audit   'csv-stringify': [ '6.6.0' ],
1168 silly audit   draco3dgltf: [ '1.5.7' ],
1168 silly audit   'gltf-validator': [ '2.0.0-dev.3.10' ],
1168 silly audit   'keyframe-resample': [ '0.1.0' ],
1168 silly audit   'ktx-parse': [ '1.1.0' ],
1168 silly audit   'language-tags': [ '2.1.0' ],
1168 silly audit   listr2: [ '8.3.3' ],
1168 silly audit   meshoptimizer: [ '1.0.1' ],
1168 silly audit   micromatch: [ '4.0.8' ],
1168 silly audit   mikktspace: [ '1.1.1' ],
1168 silly audit   'node-fetch': [ '3.3.2' ],
1168 silly audit   prompts: [ '2.4.2' ],
1168 silly audit   sharp: [ '0.34.5', '0.35.4' ],
1168 silly audit   tmp: [ '0.2.7' ],
1168 silly audit   watlas: [ '1.0.1' ],
1168 silly audit   '@types/glob': [ '8.1.0' ],
1168 silly audit   '@types/lodash': [ '4.17.25' ],
1168 silly audit   '@types/node': [ '20.5.6' ],
1168 silly audit   '@types/table': [ '5.0.0' ],
1168 silly audit   '@types/wrap-ansi': [ '8.0.2' ],
1168 silly audit   chalk: [ '3.0.0' ],
1168 silly audit   glob: [ '10.4.5' ],
1168 silly audit   lodash: [ '4.18.1' ],
1168 silly audit   table: [ '5.4.6' ],
1168 silly audit   winston: [ '3.10.0' ],
1168 silly audit   'wrap-ansi': [ '8.1.0', '7.0.0', '9.0.2' ],
1168 silly audit   'property-graph': [ '4.1.0' ],
1168 silly audit   ndarray: [ '1.1.1' ],
1168 silly audit   'ndarray-lanczos': [ '0.3.0' ],
1168 silly audit   'ndarray-pixels': [ '5.2.0' ],
1168 silly audit   '@types/minimatch': [ '5.1.2' ],
1168 silly audit   '@types/braces': [ '3.0.5' ],
1168 silly audit   'form-data': [ '4.0.6' ],
1168 silly audit   kleur: [ '3.0.3' ],
1168 silly audit   'ansi-styles': [ '4.3.0', '6.2.3', '3.2.1' ],
1168 silly audit   'supports-color': [ '7.2.0' ],
1168 silly audit   'color-convert': [ '2.0.1', '3.1.3', '1.9.3' ],
1168 silly audit   '@colors/colors': [ '1.5.0', '1.6.0' ],
1168 silly audit   'string-width': [ '4.2.3', '5.1.2', '7.2.0', '3.1.0' ],
1168 silly audit   'color-name': [ '1.1.4', '2.1.1', '1.1.3' ],
1168 silly audit   asynckit: [ '0.4.0' ],
1168 silly audit   'combined-stream': [ '1.0.8' ],
1168 silly audit   'es-set-tostringtag': [ '2.1.0' ],
1168 silly audit   hasown: [ '2.0.4' ],
1168 silly audit   'mime-types': [ '2.1.35' ],
1168 silly audit   'delayed-stream': [ '1.0.0' ],
1168 silly audit   'es-errors': [ '1.3.0' ],
1168 silly audit   'get-intrinsic': [ '1.3.0' ],
1168 silly audit   'has-tostringtag': [ '1.0.2' ],
1168 silly audit   'call-bind-apply-helpers': [ '1.0.2' ],
1168 silly audit   'es-define-property': [ '1.0.1' ],
1168 silly audit   'es-object-atoms': [ '1.1.2' ],
1168 silly audit   'function-bind': [ '1.1.2' ],
1168 silly audit   'get-proto': [ '1.0.1' ],
1168 silly audit   gopd: [ '1.2.0' ],
1168 silly audit   'has-symbols': [ '1.1.0' ],
1168 silly audit   'math-intrinsics': [ '1.1.0' ],
1168 silly audit   'dunder-proto': [ '1.0.1' ],
1168 silly audit   'foreground-child': [ '3.3.1' ],
1168 silly audit   jackspeak: [ '3.4.3' ],
1168 silly audit   minimatch: [ '9.0.9' ],
1168 silly audit   minipass: [ '7.1.3' ],
1168 silly audit   'package-json-from-dist': [ '1.0.1' ],
1168 silly audit   'path-scurry': [ '1.11.1' ],
1168 silly audit   'cross-spawn': [ '7.0.6' ],
1168 silly audit   'signal-exit': [ '4.1.0' ],
1168 silly audit   'path-key': [ '3.1.1' ],
1168 silly audit   'shebang-command': [ '2.0.0' ],
1168 silly audit   which: [ '2.0.2' ],
1168 silly audit   '@isaacs/cliui': [ '8.0.2' ],
1168 silly audit   '@pkgjs/parseargs': [ '0.11.0' ],
1168 silly audit   'strip-ansi': [ '7.2.0', '6.0.1', '5.2.0' ],
1168 silly audit   'language-subtag-registry': [ '0.3.23' ],
1168 silly audit   'cli-truncate': [ '4.0.0' ],
1168 silly audit   colorette: [ '2.0.20' ],
1168 silly audit   eventemitter3: [ '5.0.4' ],
1168 silly audit   'log-update': [ '6.1.0' ],
1168 silly audit   rfdc: [ '1.4.1' ],
1168 silly audit   'slice-ansi': [ '5.0.0', '7.1.2', '2.1.0' ],
1168 silly audit   'ansi-escapes': [ '7.3.0' ],
1168 silly audit   'cli-cursor': [ '5.0.0' ],
1168 silly audit   environment: [ '1.1.0' ],
1168 silly audit   'restore-cursor': [ '5.1.0' ],
1168 silly audit   braces: [ '3.0.3' ],
1168 silly audit   picomatch: [ '2.3.2' ],
1168 silly audit   'fill-range': [ '7.1.1' ],
1168 silly audit   'to-regex-range': [ '5.0.1' ],
1168 silly audit   'mime-db': [ '1.52.0' ],
1168 silly audit   'brace-expansion': [ '2.1.4' ],
1168 silly audit   'balanced-match': [ '1.0.2' ],
1168 silly audit   'iota-array': [ '1.0.0' ],
1168 silly audit   'is-buffer': [ '1.1.6' ],
1168 silly audit   '@types/ndarray': [ '1.1.0' ],
1168 silly audit   'ndarray-ops': [ '1.2.2' ],
1168 silly audit   'cwise-compiler': [ '1.1.3' ],
1168 silly audit   uniq: [ '1.0.1' ],
1168 silly audit   'data-uri-to-buffer': [ '4.0.1' ],
1168 silly audit   'fetch-blob': [ '3.2.0' ],
1168 silly audit   'formdata-polyfill': [ '4.0.10' ],
1168 silly audit   'node-domexception': [ '1.0.0' ],
1168 silly audit   'web-streams-polyfill': [ '3.3.3' ],
1168 silly audit   'lru-cache': [ '10.4.3' ],
1168 silly audit   sisteransi: [ '1.0.5' ],
1168 silly audit   onetime: [ '7.0.0' ],
1168 silly audit   'mimic-function': [ '5.0.1' ],
1168 silly audit   '@img/colour': [ '1.1.0' ],
1168 silly audit   '@img/sharp-darwin-arm64': [ '0.34.5', '0.35.4' ],
1168 silly audit   '@img/sharp-darwin-x64': [ '0.34.5', '0.35.4' ],
1168 silly audit   '@img/sharp-libvips-darwin-arm64': [ '1.2.4', '1.3.3' ],
1168 silly audit   '@img/sharp-libvips-darwin-x64': [ '1.2.4', '1.3.3' ],
1168 silly audit   '@img/sharp-libvips-linux-arm': [ '1.2.4', '1.3.3' ],
1168 silly audit   '@img/sharp-libvips-linux-arm64': [ '1.2.4', '1.3.3' ],
1168 silly audit   '@img/sharp-libvips-linux-ppc64': [ '1.2.4', '1.3.3' ],
1168 silly audit   '@img/sharp-libvips-linux-riscv64': [ '1.2.4', '1.3.3' ],
1168 silly audit   '@img/sharp-libvips-linux-s390x': [ '1.2.4', '1.3.3' ],
1168 silly audit   '@img/sharp-libvips-linux-x64': [ '1.2.4', '1.3.3' ],
1168 silly audit   '@img/sharp-libvips-linuxmusl-arm64': [ '1.2.4', '1.3.3' ],
1168 silly audit   '@img/sharp-libvips-linuxmusl-x64': [ '1.2.4', '1.3.3' ],
1168 silly audit   '@img/sharp-linux-arm': [ '0.34.5', '0.35.4' ],
1168 silly audit   '@img/sharp-linux-arm64': [ '0.34.5', '0.35.4' ],
1168 silly audit   '@img/sharp-linux-ppc64': [ '0.34.5', '0.35.4' ],
1168 silly audit   '@img/sharp-linux-riscv64': [ '0.34.5', '0.35.4' ],
1168 silly audit   '@img/sharp-linux-s390x': [ '0.34.5', '0.35.4' ],
1168 silly audit   '@img/sharp-linux-x64': [ '0.34.5', '0.35.4' ],
1168 silly audit   '@img/sharp-linuxmusl-arm64': [ '0.34.5', '0.35.4' ],
1168 silly audit   '@img/sharp-linuxmusl-x64': [ '0.34.5', '0.35.4' ],
1168 silly audit   '@img/sharp-wasm32': [ '0.34.5', '0.35.4' ],
1168 silly audit   '@img/sharp-win32-arm64': [ '0.34.5', '0.35.4' ],
1168 silly audit   '@img/sharp-win32-ia32': [ '0.34.5', '0.35.4' ],
1168 silly audit   '@img/sharp-win32-x64': [ '0.34.5', '0.35.4' ],
1168 silly audit   'detect-libc': [ '2.1.2' ],
1168 silly audit   semver: [ '7.8.5' ],
1168 silly audit   '@emnapi/runtime': [ '1.11.3' ],
1168 silly audit   tslib: [ '2.8.1' ],
1168 silly audit   'shebang-regex': [ '3.0.0' ],
1168 silly audit   'is-fullwidth-code-point': [ '4.0.0', '3.0.0', '5.1.0', '2.0.0' ],
1168 silly audit   'emoji-regex': [ '8.0.0', '9.2.2', '10.6.0', '7.0.3' ],
1168 silly audit   'ansi-regex': [ '6.3.0', '5.0.1', '4.1.1' ],
1168 silly audit   'has-flag': [ '4.0.0' ],
1168 silly audit   ajv: [ '6.15.0' ],
1168 silly audit   'fast-deep-equal': [ '3.1.3' ],
1168 silly audit   'fast-json-stable-stringify': [ '2.1.0' ],
1168 silly audit   'json-schema-traverse': [ '0.4.1' ],
1168 silly audit   'uri-js': [ '4.4.1' ],
1168 silly audit   'is-number': [ '7.0.0' ],
1168 silly audit   punycode: [ '2.3.1' ],
1168 silly audit   isexe: [ '2.0.0' ],
1168 silly audit   '@dabh/diagnostics': [ '2.0.8' ],
1168 silly audit   async: [ '3.2.6' ],
1168 silly audit   'is-stream': [ '2.0.1' ],
1168 silly audit   logform: [ '2.7.0' ],
1168 silly audit   'one-time': [ '1.0.0' ],
1168 silly audit   'readable-stream': [ '3.6.2' ],
1168 silly audit   'safe-stable-stringify': [ '2.5.0' ],
1168 silly audit   'stack-trace': [ '0.0.10' ],
1168 silly audit   'triple-beam': [ '1.4.1' ],
1168 silly audit   'winston-transport': [ '4.9.0' ],
1168 silly audit   '@so-ric/colorspace': [ '1.1.6' ],
1168 silly audit   enabled: [ '2.0.0' ],
1168 silly audit   kuler: [ '2.0.0' ],
1168 silly audit   color: [ '5.0.3' ],
1168 silly audit   'text-hex': [ '1.0.0' ],
1168 silly audit   'color-string': [ '2.1.4' ],
1168 silly audit   '@types/triple-beam': [ '1.3.5' ],
1168 silly audit   fecha: [ '4.2.3' ],
1168 silly audit   ms: [ '2.1.3' ],
1168 silly audit   'fn.name': [ '1.1.0' ],
1168 silly audit   inherits: [ '2.0.4' ],
1168 silly audit   string_decoder: [ '1.3.0' ],
1168 silly audit   'util-deprecate': [ '1.0.2' ],
1168 silly audit   'safe-buffer': [ '5.2.1' ],
1168 silly audit   eastasianwidth: [ '0.2.0' ],
1168 silly audit   'get-east-asian-width': [ '1.6.0' ],
1168 silly audit   '@img/sharp-freebsd-wasm32': [ '0.35.4' ],
1168 silly audit   '@img/sharp-webcontainers-wasm32': [ '0.35.4' ],
1168 silly audit   'astral-regex': [ '1.0.0' ]
1168 silly audit }
1169 verbose reify failed optional dependency e:\wokSpace\viewweb\sc-datav\.npm-tmp\_npx\a6797f7ff67bb1f2\node_modules\@img\sharp-webcontainers-wasm32
1170 silly reify mark deleted [
1170 silly reify   'e:\\wokSpace\\viewweb\\sc-datav\\.npm-tmp\\_npx\\a6797f7ff67bb1f2\\node_modules\\@img\\sharp-webcontainers-wasm32'
1170 silly reify ]
1171 verbose reify failed optional dependency e:\wokSpace\viewweb\sc-datav\.npm-tmp\_npx\a6797f7ff67bb1f2\node_modules\@img\sharp-webcontainers-wasm32\node_modules\@img\sharp-wasm32
1172 silly reify mark deleted [
1172 silly reify   'e:\\wokSpace\\viewweb\\sc-datav\\.npm-tmp\\_npx\\a6797f7ff67bb1f2\\node_modules\\@img\\sharp-webcontainers-wasm32\\node_modules\\@img\\sharp-wasm32'
1172 silly reify ]
1173 verbose reify failed optional dependency e:\wokSpace\viewweb\sc-datav\.npm-tmp\_npx\a6797f7ff67bb1f2\node_modules\@img\sharp-freebsd-wasm32
1174 silly reify mark deleted [
1174 silly reify   'e:\\wokSpace\\viewweb\\sc-datav\\.npm-tmp\\_npx\\a6797f7ff67bb1f2\\node_modules\\@img\\sharp-freebsd-wasm32'
1174 silly reify ]
1175 verbose reify failed optional dependency e:\wokSpace\viewweb\sc-datav\.npm-tmp\_npx\a6797f7ff67bb1f2\node_modules\@img\sharp-freebsd-wasm32\node_modules\@img\sharp-wasm32
1176 silly reify mark deleted [
1176 silly reify   'e:\\wokSpace\\viewweb\\sc-datav\\.npm-tmp\\_npx\\a6797f7ff67bb1f2\\node_modules\\@img\\sharp-freebsd-wasm32\\node_modules\\@img\\sharp-wasm32'
1176 silly reify ]
1177 verbose reify failed optional dependency e:\wokSpace\viewweb\sc-datav\.npm-tmp\_npx\a6797f7ff67bb1f2\node_modules\@img\sharp-win32-ia32
1178 silly reify mark deleted [
1178 silly reify   'e:\\wokSpace\\viewweb\\sc-datav\\.npm-tmp\\_npx\\a6797f7ff67bb1f2\\node_modules\\@img\\sharp-win32-ia32'
1178 silly reify ]
1179 verbose reify failed optional dependency e:\wokSpace\viewweb\sc-datav\.npm-tmp\_npx\a6797f7ff67bb1f2\node_modules\@img\sharp-win32-arm64
1180 silly reify mark deleted [
1180 silly reify   'e:\\wokSpace\\viewweb\\sc-datav\\.npm-tmp\\_npx\\a6797f7ff67bb1f2\\node_modules\\@img\\sharp-win32-arm64'
1180 silly reify ]
1181 verbose reify failed optional dependency e:\wokSpace\viewweb\sc-datav\.npm-tmp\_npx\a6797f7ff67bb1f2\node_modules\@img\sharp-wasm32
1182 silly reify mark deleted [
1182 silly reify   'e:\\wokSpace\\viewweb\\sc-datav\\.npm-tmp\\_npx\\a6797f7ff67bb1f2\\node_modules\\@img\\sharp-wasm32'
1182 silly reify ]
1183 verbose reify failed optional dependency e:\wokSpace\viewweb\sc-datav\.npm-tmp\_npx\a6797f7ff67bb1f2\node_modules\@img\sharp-linuxmusl-x64
1184 silly reify mark deleted [
1184 silly reify   'e:\\wokSpace\\viewweb\\sc-datav\\.npm-tmp\\_npx\\a6797f7ff67bb1f2\\node_modules\\@img\\sharp-linuxmusl-x64'
1184 silly reify ]
1185 verbose reify failed optional dependency e:\wokSpace\viewweb\sc-datav\.npm-tmp\_npx\a6797f7ff67bb1f2\node_modules\@img\sharp-linuxmusl-arm64
1186 silly reify mark deleted [
1186 silly reify   'e:\\wokSpace\\viewweb\\sc-datav\\.npm-tmp\\_npx\\a6797f7ff67bb1f2\\node_modules\\@img\\sharp-linuxmusl-arm64'
1186 silly reify ]
1187 verbose reify failed optional dependency e:\wokSpace\viewweb\sc-datav\.npm-tmp\_npx\a6797f7ff67bb1f2\node_modules\@img\sharp-linux-x64
1188 silly reify mark deleted [
1188 silly reify   'e:\\wokSpace\\viewweb\\sc-datav\\.npm-tmp\\_npx\\a6797f7ff67bb1f2\\node_modules\\@img\\sharp-linux-x64'
1188 silly reify ]
1189 verbose reify failed optional dependency e:\wokSpace\viewweb\sc-datav\.npm-tmp\_npx\a6797f7ff67bb1f2\node_modules\@img\sharp-linux-s390x
1190 silly reify mark deleted [
1190 silly reify   'e:\\wokSpace\\viewweb\\sc-datav\\.npm-tmp\\_npx\\a6797f7ff67bb1f2\\node_modules\\@img\\sharp-linux-s390x'
1190 silly reify ]
1191 verbose reify failed optional dependency e:\wokSpace\viewweb\sc-datav\.npm-tmp\_npx\a6797f7ff67bb1f2\node_modules\@img\sharp-linux-riscv64
1192 silly reify mark deleted [
1192 silly reify   'e:\\wokSpace\\viewweb\\sc-datav\\.npm-tmp\\_npx\\a6797f7ff67bb1f2\\node_modules\\@img\\sharp-linux-riscv64'
1192 silly reify ]
1193 verbose reify failed optional dependency e:\wokSpace\viewweb\sc-datav\.npm-tmp\_npx\a6797f7ff67bb1f2\node_modules\@img\sharp-linux-ppc64
1194 silly reify mark deleted [
1194 silly reify   'e:\\wokSpace\\viewweb\\sc-datav\\.npm-tmp\\_npx\\a6797f7ff67bb1f2\\node_modules\\@img\\sharp-linux-ppc64'
1194 silly reify ]
1195 verbose reify failed optional dependency e:\wokSpace\viewweb\sc-datav\.npm-tmp\_npx\a6797f7ff67bb1f2\node_modules\@img\sharp-linux-arm64
1196 silly reify mark deleted [
1196 silly reify   'e:\\wokSpace\\viewweb\\sc-datav\\.npm-tmp\\_npx\\a6797f7ff67bb1f2\\node_modules\\@img\\sharp-linux-arm64'
1196 silly reify ]
1197 verbose reify failed optional dependency e:\wokSpace\viewweb\sc-datav\.npm-tmp\_npx\a6797f7ff67bb1f2\node_modules\@img\sharp-linux-arm
1198 silly reify mark deleted [
1198 silly reify   'e:\\wokSpace\\viewweb\\sc-datav\\.npm-tmp\\_npx\\a6797f7ff67bb1f2\\node_modules\\@img\\sharp-linux-arm'
1198 silly reify ]
1199 verbose reify failed optional dependency e:\wokSpace\viewweb\sc-datav\.npm-tmp\_npx\a6797f7ff67bb1f2\node_modules\@img\sharp-libvips-linuxmusl-x64
1200 silly reify mark deleted [
1200 silly reify   'e:\\wokSpace\\viewweb\\sc-datav\\.npm-tmp\\_npx\\a6797f7ff67bb1f2\\node_modules\\@img\\sharp-libvips-linuxmusl-x64'
1200 silly reify ]
1201 verbose reify failed optional dependency e:\wokSpace\viewweb\sc-datav\.npm-tmp\_npx\a6797f7ff67bb1f2\node_modules\@img\sharp-libvips-linuxmusl-arm64
1202 silly reify mark deleted [
1202 silly reify   'e:\\wokSpace\\viewweb\\sc-datav\\.npm-tmp\\_npx\\a6797f7ff67bb1f2\\node_modules\\@img\\sharp-libvips-linuxmusl-arm64'
1202 silly reify ]
1203 verbose reify failed optional dependency e:\wokSpace\viewweb\sc-datav\.npm-tmp\_npx\a6797f7ff67bb1f2\node_modules\@img\sharp-libvips-linux-x64
1204 silly reify mark deleted [
1204 silly reify   'e:\\wokSpace\\viewweb\\sc-datav\\.npm-tmp\\_npx\\a6797f7ff67bb1f2\\node_modules\\@img\\sharp-libvips-linux-x64'
1204 silly reify ]
1205 verbose reify failed optional dependency e:\wokSpace\viewweb\sc-datav\.npm-tmp\_npx\a6797f7ff67bb1f2\node_modules\@img\sharp-libvips-linux-s390x
1206 silly reify mark deleted [
1206 silly reify   'e:\\wokSpace\\viewweb\\sc-datav\\.npm-tmp\\_npx\\a6797f7ff67bb1f2\\node_modules\\@img\\sharp-libvips-linux-s390x'
1206 silly reify ]
1207 verbose reify failed optional dependency e:\wokSpace\viewweb\sc-datav\.npm-tmp\_npx\a6797f7ff67bb1f2\node_modules\@img\sharp-libvips-linux-riscv64
1208 silly reify mark deleted [
1208 silly reify   'e:\\wokSpace\\viewweb\\sc-datav\\.npm-tmp\\_npx\\a6797f7ff67bb1f2\\node_modules\\@img\\sharp-libvips-linux-riscv64'
1208 silly reify ]
1209 verbose reify failed optional dependency e:\wokSpace\viewweb\sc-datav\.npm-tmp\_npx\a6797f7ff67bb1f2\node_modules\@img\sharp-libvips-linux-ppc64
1210 silly reify mark deleted [
1210 silly reify   'e:\\wokSpace\\viewweb\\sc-datav\\.npm-tmp\\_npx\\a6797f7ff67bb1f2\\node_modules\\@img\\sharp-libvips-linux-ppc64'
1210 silly reify ]
1211 verbose reify failed optional dependency e:\wokSpace\viewweb\sc-datav\.npm-tmp\_npx\a6797f7ff67bb1f2\node_modules\@img\sharp-libvips-linux-arm64
1212 silly reify mark deleted [
1212 silly reify   'e:\\wokSpace\\viewweb\\sc-datav\\.npm-tmp\\_npx\\a6797f7ff67bb1f2\\node_modules\\@img\\sharp-libvips-linux-arm64'
1212 silly reify ]
1213 verbose reify failed optional dependency e:\wokSpace\viewweb\sc-datav\.npm-tmp\_npx\a6797f7ff67bb1f2\node_modules\@img\sharp-libvips-linux-arm
1214 silly reify mark deleted [
1214 silly reify   'e:\\wokSpace\\viewweb\\sc-datav\\.npm-tmp\\_npx\\a6797f7ff67bb1f2\\node_modules\\@img\\sharp-libvips-linux-arm'
1214 silly reify ]
1215 verbose reify failed optional dependency e:\wokSpace\viewweb\sc-datav\.npm-tmp\_npx\a6797f7ff67bb1f2\node_modules\@img\sharp-libvips-darwin-x64
1216 silly reify mark deleted [
1216 silly reify   'e:\\wokSpace\\viewweb\\sc-datav\\.npm-tmp\\_npx\\a6797f7ff67bb1f2\\node_modules\\@img\\sharp-libvips-darwin-x64'
1216 silly reify ]
1217 verbose reify failed optional dependency e:\wokSpace\viewweb\sc-datav\.npm-tmp\_npx\a6797f7ff67bb1f2\node_modules\@img\sharp-libvips-darwin-arm64
1218 silly reify mark deleted [
1218 silly reify   'e:\\wokSpace\\viewweb\\sc-datav\\.npm-tmp\\_npx\\a6797f7ff67bb1f2\\node_modules\\@img\\sharp-libvips-darwin-arm64'
1218 silly reify ]
1219 verbose reify failed optional dependency e:\wokSpace\viewweb\sc-datav\.npm-tmp\_npx\a6797f7ff67bb1f2\node_modules\@img\sharp-darwin-x64
1220 silly reify mark deleted [
1220 silly reify   'e:\\wokSpace\\viewweb\\sc-datav\\.npm-tmp\\_npx\\a6797f7ff67bb1f2\\node_modules\\@img\\sharp-darwin-x64'
1220 silly reify ]
1221 verbose reify failed optional dependency e:\wokSpace\viewweb\sc-datav\.npm-tmp\_npx\a6797f7ff67bb1f2\node_modules\@img\sharp-darwin-arm64
1222 silly reify mark deleted [
1222 silly reify   'e:\\wokSpace\\viewweb\\sc-datav\\.npm-tmp\\_npx\\a6797f7ff67bb1f2\\node_modules\\@img\\sharp-darwin-arm64'
1222 silly reify ]
1223 verbose reify failed optional dependency e:\wokSpace\viewweb\sc-datav\.npm-tmp\_npx\a6797f7ff67bb1f2\node_modules\ndarray-pixels\node_modules\@img\sharp-win32-ia32
1224 silly reify mark deleted [
1224 silly reify   'e:\\wokSpace\\viewweb\\sc-datav\\.npm-tmp\\_npx\\a6797f7ff67bb1f2\\node_modules\\ndarray-pixels\\node_modules\\@img\\sharp-win32-ia32'
1224 silly reify ]
1225 verbose reify failed optional dependency e:\wokSpace\viewweb\sc-datav\.npm-tmp\_npx\a6797f7ff67bb1f2\node_modules\ndarray-pixels\node_modules\@img\sharp-win32-arm64
1226 silly reify mark deleted [
1226 silly reify   'e:\\wokSpace\\viewweb\\sc-datav\\.npm-tmp\\_npx\\a6797f7ff67bb1f2\\node_modules\\ndarray-pixels\\node_modules\\@img\\sharp-win32-arm64'
1226 silly reify ]
1227 verbose reify failed optional dependency e:\wokSpace\viewweb\sc-datav\.npm-tmp\_npx\a6797f7ff67bb1f2\node_modules\ndarray-pixels\node_modules\@img\sharp-linuxmusl-x64
1228 silly reify mark deleted [
1228 silly reify   'e:\\wokSpace\\viewweb\\sc-datav\\.npm-tmp\\_npx\\a6797f7ff67bb1f2\\node_modules\\ndarray-pixels\\node_modules\\@img\\sharp-linuxmusl-x64'
1228 silly reify ]
1229 verbose reify failed optional dependency e:\wokSpace\viewweb\sc-datav\.npm-tmp\_npx\a6797f7ff67bb1f2\node_modules\ndarray-pixels\node_modules\@img\sharp-linuxmusl-arm64
1230 silly reify mark deleted [
1230 silly reify   'e:\\wokSpace\\viewweb\\sc-datav\\.npm-tmp\\_npx\\a6797f7ff67bb1f2\\node_modules\\ndarray-pixels\\node_modules\\@img\\sharp-linuxmusl-arm64'
1230 silly reify ]
1231 verbose reify failed optional dependency e:\wokSpace\viewweb\sc-datav\.npm-tmp\_npx\a6797f7ff67bb1f2\node_modules\ndarray-pixels\node_modules\@img\sharp-linux-x64
1232 silly reify mark deleted [
1232 silly reify   'e:\\wokSpace\\viewweb\\sc-datav\\.npm-tmp\\_npx\\a6797f7ff67bb1f2\\node_modules\\ndarray-pixels\\node_modules\\@img\\sharp-linux-x64'
1232 silly reify ]
1233 verbose reify failed optional dependency e:\wokSpace\viewweb\sc-datav\.npm-tmp\_npx\a6797f7ff67bb1f2\node_modules\ndarray-pixels\node_modules\@img\sharp-linux-s390x
1234 silly reify mark deleted [
1234 silly reify   'e:\\wokSpace\\viewweb\\sc-datav\\.npm-tmp\\_npx\\a6797f7ff67bb1f2\\node_modules\\ndarray-pixels\\node_modules\\@img\\sharp-linux-s390x'
1234 silly reify ]
1235 verbose reify failed optional dependency e:\wokSpace\viewweb\sc-datav\.npm-tmp\_npx\a6797f7ff67bb1f2\node_modules\ndarray-pixels\node_modules\@img\sharp-linux-riscv64
1236 silly reify mark deleted [
1236 silly reify   'e:\\wokSpace\\viewweb\\sc-datav\\.npm-tmp\\_npx\\a6797f7ff67bb1f2\\node_modules\\ndarray-pixels\\node_modules\\@img\\sharp-linux-riscv64'
1236 silly reify ]
1237 verbose reify failed optional dependency e:\wokSpace\viewweb\sc-datav\.npm-tmp\_npx\a6797f7ff67bb1f2\node_modules\ndarray-pixels\node_modules\@img\sharp-linux-ppc64
1238 silly reify mark deleted [
1238 silly reify   'e:\\wokSpace\\viewweb\\sc-datav\\.npm-tmp\\_npx\\a6797f7ff67bb1f2\\node_modules\\ndarray-pixels\\node_modules\\@img\\sharp-linux-ppc64'
1238 silly reify ]
1239 verbose reify failed optional dependency e:\wokSpace\viewweb\sc-datav\.npm-tmp\_npx\a6797f7ff67bb1f2\node_modules\ndarray-pixels\node_modules\@img\sharp-linux-arm64
1240 silly reify mark deleted [
1240 silly reify   'e:\\wokSpace\\viewweb\\sc-datav\\.npm-tmp\\_npx\\a6797f7ff67bb1f2\\node_modules\\ndarray-pixels\\node_modules\\@img\\sharp-linux-arm64'
1240 silly reify ]
1241 verbose reify failed optional dependency e:\wokSpace\viewweb\sc-datav\.npm-tmp\_npx\a6797f7ff67bb1f2\node_modules\ndarray-pixels\node_modules\@img\sharp-linux-arm
1242 silly reify mark deleted [
1242 silly reify   'e:\\wokSpace\\viewweb\\sc-datav\\.npm-tmp\\_npx\\a6797f7ff67bb1f2\\node_modules\\ndarray-pixels\\node_modules\\@img\\sharp-linux-arm'
1242 silly reify ]
1243 verbose reify failed optional dependency e:\wokSpace\viewweb\sc-datav\.npm-tmp\_npx\a6797f7ff67bb1f2\node_modules\ndarray-pixels\node_modules\@img\sharp-libvips-linuxmusl-x64
1244 silly reify mark deleted [
1244 silly reify   'e:\\wokSpace\\viewweb\\sc-datav\\.npm-tmp\\_npx\\a6797f7ff67bb1f2\\node_modules\\ndarray-pixels\\node_modules\\@img\\sharp-libvips-linuxmusl-x64'
1244 silly reify ]
1245 verbose reify failed optional dependency e:\wokSpace\viewweb\sc-datav\.npm-tmp\_npx\a6797f7ff67bb1f2\node_modules\ndarray-pixels\node_modules\@img\sharp-libvips-linuxmusl-arm64
1246 silly reify mark deleted [
1246 silly reify   'e:\\wokSpace\\viewweb\\sc-datav\\.npm-tmp\\_npx\\a6797f7ff67bb1f2\\node_modules\\ndarray-pixels\\node_modules\\@img\\sharp-libvips-linuxmusl-arm64'
1246 silly reify ]
1247 verbose reify failed optional dependency e:\wokSpace\viewweb\sc-datav\.npm-tmp\_npx\a6797f7ff67bb1f2\node_modules\ndarray-pixels\node_modules\@img\sharp-libvips-linux-x64
1248 silly reify mark deleted [
1248 silly reify   'e:\\wokSpace\\viewweb\\sc-datav\\.npm-tmp\\_npx\\a6797f7ff67bb1f2\\node_modules\\ndarray-pixels\\node_modules\\@img\\sharp-libvips-linux-x64'
1248 silly reify ]
1249 verbose reify failed optional dependency e:\wokSpace\viewweb\sc-datav\.npm-tmp\_npx\a6797f7ff67bb1f2\node_modules\ndarray-pixels\node_modules\@img\sharp-libvips-linux-s390x
1250 silly reify mark deleted [
1250 silly reify   'e:\\wokSpace\\viewweb\\sc-datav\\.npm-tmp\\_npx\\a6797f7ff67bb1f2\\node_modules\\ndarray-pixels\\node_modules\\@img\\sharp-libvips-linux-s390x'
1250 silly reify ]
1251 verbose reify failed optional dependency e:\wokSpace\viewweb\sc-datav\.npm-tmp\_npx\a6797f7ff67bb1f2\node_modules\ndarray-pixels\node_modules\@img\sharp-libvips-linux-riscv64
1252 silly reify mark deleted [
1252 silly reify   'e:\\wokSpace\\viewweb\\sc-datav\\.npm-tmp\\_npx\\a6797f7ff67bb1f2\\node_modules\\ndarray-pixels\\node_modules\\@img\\sharp-libvips-linux-riscv64'
1252 silly reify ]
1253 verbose reify failed optional dependency e:\wokSpace\viewweb\sc-datav\.npm-tmp\_npx\a6797f7ff67bb1f2\node_modules\ndarray-pixels\node_modules\@img\sharp-libvips-linux-ppc64
1254 silly reify mark deleted [
1254 silly reify   'e:\\wokSpace\\viewweb\\sc-datav\\.npm-tmp\\_npx\\a6797f7ff67bb1f2\\node_modules\\ndarray-pixels\\node_modules\\@img\\sharp-libvips-linux-ppc64'
1254 silly reify ]
1255 verbose reify failed optional dependency e:\wokSpace\viewweb\sc-datav\.npm-tmp\_npx\a6797f7ff67bb1f2\node_modules\ndarray-pixels\node_modules\@img\sharp-libvips-linux-arm64
1256 silly reify mark deleted [
1256 silly reify   'e:\\wokSpace\\viewweb\\sc-datav\\.npm-tmp\\_npx\\a6797f7ff67bb1f2\\node_modules\\ndarray-pixels\\node_modules\\@img\\sharp-libvips-linux-arm64'
1256 silly reify ]
1257 verbose reify failed optional dependency e:\wokSpace\viewweb\sc-datav\.npm-tmp\_npx\a6797f7ff67bb1f2\node_modules\ndarray-pixels\node_modules\@img\sharp-libvips-linux-arm
1258 silly reify mark deleted [
1258 silly reify   'e:\\wokSpace\\viewweb\\sc-datav\\.npm-tmp\\_npx\\a6797f7ff67bb1f2\\node_modules\\ndarray-pixels\\node_modules\\@img\\sharp-libvips-linux-arm'
1258 silly reify ]
1259 verbose reify failed optional dependency e:\wokSpace\viewweb\sc-datav\.npm-tmp\_npx\a6797f7ff67bb1f2\node_modules\ndarray-pixels\node_modules\@img\sharp-libvips-darwin-x64
1260 silly reify mark deleted [
1260 silly reify   'e:\\wokSpace\\viewweb\\sc-datav\\.npm-tmp\\_npx\\a6797f7ff67bb1f2\\node_modules\\ndarray-pixels\\node_modules\\@img\\sharp-libvips-darwin-x64'
1260 silly reify ]
1261 verbose reify failed optional dependency e:\wokSpace\viewweb\sc-datav\.npm-tmp\_npx\a6797f7ff67bb1f2\node_modules\ndarray-pixels\node_modules\@img\sharp-libvips-darwin-arm64
1262 silly reify mark deleted [
1262 silly reify   'e:\\wokSpace\\viewweb\\sc-datav\\.npm-tmp\\_npx\\a6797f7ff67bb1f2\\node_modules\\ndarray-pixels\\node_modules\\@img\\sharp-libvips-darwin-arm64'
1262 silly reify ]
1263 verbose reify failed optional dependency e:\wokSpace\viewweb\sc-datav\.npm-tmp\_npx\a6797f7ff67bb1f2\node_modules\ndarray-pixels\node_modules\@img\sharp-darwin-x64
1264 silly reify mark deleted [
1264 silly reify   'e:\\wokSpace\\viewweb\\sc-datav\\.npm-tmp\\_npx\\a6797f7ff67bb1f2\\node_modules\\ndarray-pixels\\node_modules\\@img\\sharp-darwin-x64'
1264 silly reify ]
1265 verbose reify failed optional dependency e:\wokSpace\viewweb\sc-datav\.npm-tmp\_npx\a6797f7ff67bb1f2\node_modules\ndarray-pixels\node_modules\@img\sharp-darwin-arm64
1266 silly reify mark deleted [
1266 silly reify   'e:\\wokSpace\\viewweb\\sc-datav\\.npm-tmp\\_npx\\a6797f7ff67bb1f2\\node_modules\\ndarray-pixels\\node_modules\\@img\\sharp-darwin-arm64'
1266 silly reify ]
1267 http fetch POST 404 https://registry.npmmirror.com/-/npm/v1/security/advisories/bulk 29ms
1268 silly audit bulk request failed [object Object]
1269 http cache astral-regex@https://registry.npmmirror.com/astral-regex/-/astral-regex-1.0.0.tgz 1ms (cache hit)
1270 http cache safe-buffer@https://registry.npmmirror.com/safe-buffer/-/safe-buffer-5.2.1.tgz 0ms (cache hit)
1271 http cache get-east-asian-width@https://registry.npmmirror.com/get-east-asian-width/-/get-east-asian-width-1.6.0.tgz 0ms (cache hit)
1272 http cache util-deprecate@https://registry.npmmirror.com/util-deprecate/-/util-deprecate-1.0.2.tgz 0ms (cache hit)
1273 http cache eastasianwidth@https://registry.npmmirror.com/eastasianwidth/-/eastasianwidth-0.2.0.tgz 0ms (cache hit)
1274 http cache inherits@https://registry.npmmirror.com/inherits/-/inherits-2.0.4.tgz 0ms (cache hit)
1275 http cache string_decoder@https://registry.npmmirror.com/string_decoder/-/string_decoder-1.3.0.tgz 0ms (cache hit)
1276 http cache fecha@https://registry.npmmirror.com/fecha/-/fecha-4.2.3.tgz 0ms (cache hit)
1277 http cache @types/triple-beam@https://registry.npmmirror.com/@types/triple-beam/-/triple-beam-1.3.5.tgz 0ms (cache hit)
1278 http cache fn.name@https://registry.npmmirror.com/fn.name/-/fn.name-1.1.0.tgz 0ms (cache hit)
1279 http cache kuler@https://registry.npmmirror.com/kuler/-/kuler-2.0.0.tgz 0ms (cache hit)
1280 http cache ms@https://registry.npmmirror.com/ms/-/ms-2.1.3.tgz 0ms (cache hit)
1281 http cache text-hex@https://registry.npmmirror.com/text-hex/-/text-hex-1.0.0.tgz 0ms (cache hit)
1282 http cache winston-transport@https://registry.npmmirror.com/winston-transport/-/winston-transport-4.9.0.tgz 0ms (cache hit)
1283 http cache color-string@https://registry.npmmirror.com/color-string/-/color-string-2.1.4.tgz 0ms (cache hit)
1284 http cache enabled@https://registry.npmmirror.com/enabled/-/enabled-2.0.0.tgz 0ms (cache hit)
1285 http cache stack-trace@https://registry.npmmirror.com/stack-trace/-/stack-trace-0.0.10.tgz 0ms (cache hit)
1286 http cache color@https://registry.npmmirror.com/color/-/color-5.0.3.tgz 0ms (cache hit)
1287 http cache @so-ric/colorspace@https://registry.npmmirror.com/@so-ric/colorspace/-/colorspace-1.1.6.tgz 0ms (cache hit)
1288 http cache triple-beam@https://registry.npmmirror.com/triple-beam/-/triple-beam-1.4.1.tgz 0ms (cache hit)
1289 http cache safe-stable-stringify@https://registry.npmmirror.com/safe-stable-stringify/-/safe-stable-stringify-2.5.0.tgz 0ms (cache hit)
1290 http cache one-time@https://registry.npmmirror.com/one-time/-/one-time-1.0.0.tgz 0ms (cache hit)
1291 http cache async@https://registry.npmmirror.com/async/-/async-3.2.6.tgz 0ms (cache hit)
1292 http cache logform@https://registry.npmmirror.com/logform/-/logform-2.7.0.tgz 0ms (cache hit)
1293 http cache is-stream@https://registry.npmmirror.com/is-stream/-/is-stream-2.0.1.tgz 0ms (cache hit)
1294 http cache @dabh/diagnostics@https://registry.npmmirror.com/@dabh/diagnostics/-/diagnostics-2.0.8.tgz 0ms (cache hit)
1295 http cache readable-stream@https://registry.npmmirror.com/readable-stream/-/readable-stream-3.6.2.tgz 0ms (cache hit)
1296 http cache punycode@https://registry.npmmirror.com/punycode/-/punycode-2.3.1.tgz 0ms (cache hit)
1297 http cache fast-deep-equal@https://registry.npmmirror.com/fast-deep-equal/-/fast-deep-equal-3.1.3.tgz 0ms (cache hit)
1298 http cache isexe@https://registry.npmmirror.com/isexe/-/isexe-2.0.0.tgz 0ms (cache hit)
1299 http cache uri-js@https://registry.npmmirror.com/uri-js/-/uri-js-4.4.1.tgz 0ms (cache hit)
1300 http cache is-number@https://registry.npmmirror.com/is-number/-/is-number-7.0.0.tgz 0ms (cache hit)
1301 http cache ansi-regex@https://registry.npmmirror.com/ansi-regex/-/ansi-regex-6.3.0.tgz 0ms (cache hit)
1302 http cache has-flag@https://registry.npmmirror.com/has-flag/-/has-flag-4.0.0.tgz 0ms (cache hit)
1303 http cache json-schema-traverse@https://registry.npmmirror.com/json-schema-traverse/-/json-schema-traverse-0.4.1.tgz 0ms (cache hit)
1304 http cache fast-json-stable-stringify@https://registry.npmmirror.com/fast-json-stable-stringify/-/fast-json-stable-stringify-2.1.0.tgz 0ms (cache hit)
1305 http cache ajv@https://registry.npmmirror.com/ajv/-/ajv-6.15.0.tgz 0ms (cache hit)
1306 http cache semver@https://registry.npmmirror.com/semver/-/semver-7.8.5.tgz 0ms (cache hit)
1307 http cache is-fullwidth-code-point@https://registry.npmmirror.com/is-fullwidth-code-point/-/is-fullwidth-code-point-4.0.0.tgz 0ms (cache hit)
1308 http cache tslib@https://registry.npmmirror.com/tslib/-/tslib-2.8.1.tgz 0ms (cache hit)
1309 http cache emoji-regex@https://registry.npmmirror.com/emoji-regex/-/emoji-regex-8.0.0.tgz 0ms (cache hit)
1310 http cache @emnapi/runtime@https://registry.npmmirror.com/@emnapi/runtime/-/runtime-1.11.3.tgz 0ms (cache hit)
1311 http cache shebang-regex@https://registry.npmmirror.com/shebang-regex/-/shebang-regex-3.0.0.tgz 0ms (cache hit)
1312 http cache @img/sharp-win32-x64@https://registry.npmmirror.com/@img/sharp-win32-x64/-/sharp-win32-x64-0.34.5.tgz 0ms (cache hit)
1313 http cache detect-libc@https://registry.npmmirror.com/detect-libc/-/detect-libc-2.1.2.tgz 0ms (cache hit)
1314 http cache mimic-function@https://registry.npmmirror.com/mimic-function/-/mimic-function-5.0.1.tgz 0ms (cache hit)
1315 http cache onetime@https://registry.npmmirror.com/onetime/-/onetime-7.0.0.tgz 0ms (cache hit)
1316 http cache @img/colour@https://registry.npmmirror.com/@img/colour/-/colour-1.1.0.tgz 0ms (cache hit)
1317 http cache sisteransi@https://registry.npmmirror.com/sisteransi/-/sisteransi-1.0.5.tgz 0ms (cache hit)
1318 http cache lru-cache@https://registry.npmmirror.com/lru-cache/-/lru-cache-10.4.3.tgz 0ms (cache hit)
1319 http cache formdata-polyfill@https://registry.npmmirror.com/formdata-polyfill/-/formdata-polyfill-4.0.10.tgz 0ms (cache hit)
1320 http cache web-streams-polyfill@https://registry.npmmirror.com/web-streams-polyfill/-/web-streams-polyfill-3.3.3.tgz 0ms (cache hit)
1321 http cache fetch-blob@https://registry.npmmirror.com/fetch-blob/-/fetch-blob-3.2.0.tgz 0ms (cache hit)
1322 http cache uniq@https://registry.npmmirror.com/uniq/-/uniq-1.0.1.tgz 1ms (cache hit)
1323 http cache data-uri-to-buffer@https://registry.npmmirror.com/data-uri-to-buffer/-/data-uri-to-buffer-4.0.1.tgz 0ms (cache hit)
1324 http cache @types/ndarray@https://registry.npmmirror.com/@types/ndarray/-/ndarray-1.1.0.tgz 0ms (cache hit)
1325 http cache cwise-compiler@https://registry.npmmirror.com/cwise-compiler/-/cwise-compiler-1.1.3.tgz 0ms (cache hit)
1326 http cache iota-array@https://registry.npmmirror.com/iota-array/-/iota-array-1.0.0.tgz 0ms (cache hit)
1327 http cache ndarray-ops@https://registry.npmmirror.com/ndarray-ops/-/ndarray-ops-1.2.2.tgz 0ms (cache hit)
1328 http cache mime-db@https://registry.npmmirror.com/mime-db/-/mime-db-1.52.0.tgz 0ms (cache hit)
1329 http cache balanced-match@https://registry.npmmirror.com/balanced-match/-/balanced-match-1.0.2.tgz 0ms (cache hit)
1330 http cache node-domexception@https://registry.npmmirror.com/node-domexception/-/node-domexception-1.0.0.tgz 0ms (cache hit)
1331 http cache is-buffer@https://registry.npmmirror.com/is-buffer/-/is-buffer-1.1.6.tgz 0ms (cache hit)
1332 http cache brace-expansion@https://registry.npmmirror.com/brace-expansion/-/brace-expansion-2.1.4.tgz 0ms (cache hit)
1333 http cache braces@https://registry.npmmirror.com/braces/-/braces-3.0.3.tgz 0ms (cache hit)
1334 http cache fill-range@https://registry.npmmirror.com/fill-range/-/fill-range-7.1.1.tgz 0ms (cache hit)
1335 http cache to-regex-range@https://registry.npmmirror.com/to-regex-range/-/to-regex-range-5.0.1.tgz 0ms (cache hit)
1336 http cache picomatch@https://registry.npmmirror.com/picomatch/-/picomatch-2.3.2.tgz 0ms (cache hit)
1337 http cache restore-cursor@https://registry.npmmirror.com/restore-cursor/-/restore-cursor-5.1.0.tgz 0ms (cache hit)
1338 http cache slice-ansi@https://registry.npmmirror.com/slice-ansi/-/slice-ansi-5.0.0.tgz 0ms (cache hit)
1339 http cache log-update@https://registry.npmmirror.com/log-update/-/log-update-6.1.0.tgz 0ms (cache hit)
1340 http cache environment@https://registry.npmmirror.com/environment/-/environment-1.1.0.tgz 0ms (cache hit)
1341 http cache cli-cursor@https://registry.npmmirror.com/cli-cursor/-/cli-cursor-5.0.0.tgz 0ms (cache hit)
1342 http cache eventemitter3@https://registry.npmmirror.com/eventemitter3/-/eventemitter3-5.0.4.tgz 0ms (cache hit)
1343 http cache cli-truncate@https://registry.npmmirror.com/cli-truncate/-/cli-truncate-4.0.0.tgz 0ms (cache hit)
1344 http cache rfdc@https://registry.npmmirror.com/rfdc/-/rfdc-1.4.1.tgz 0ms (cache hit)
1345 http cache colorette@https://registry.npmmirror.com/colorette/-/colorette-2.0.20.tgz 0ms (cache hit)
1346 http cache ansi-escapes@https://registry.npmmirror.com/ansi-escapes/-/ansi-escapes-7.3.0.tgz 0ms (cache hit)
1347 http cache strip-ansi@https://registry.npmmirror.com/strip-ansi/-/strip-ansi-7.2.0.tgz 0ms (cache hit)
1348 http cache wrap-ansi-cjs@https://registry.npmmirror.com/wrap-ansi/-/wrap-ansi-7.0.0.tgz 0ms (cache hit)
1349 http cache @pkgjs/parseargs@https://registry.npmmirror.com/@pkgjs/parseargs/-/parseargs-0.11.0.tgz 0ms (cache hit)
1350 http cache language-subtag-registry@https://registry.npmmirror.com/language-subtag-registry/-/language-subtag-registry-0.3.23.tgz 0ms (cache hit)
1351 http cache @isaacs/cliui@https://registry.npmmirror.com/@isaacs/cliui/-/cliui-8.0.2.tgz 0ms (cache hit)
1352 http cache strip-ansi-cjs@https://registry.npmmirror.com/strip-ansi/-/strip-ansi-6.0.1.tgz 0ms (cache hit)
1353 http cache which@https://registry.npmmirror.com/which/-/which-2.0.2.tgz 0ms (cache hit)
1354 http cache string-width-cjs@https://registry.npmmirror.com/string-width/-/string-width-4.2.3.tgz 0ms (cache hit)
1355 http cache signal-exit@https://registry.npmmirror.com/signal-exit/-/signal-exit-4.1.0.tgz 0ms (cache hit)
1356 http cache shebang-command@https://registry.npmmirror.com/shebang-command/-/shebang-command-2.0.0.tgz 0ms (cache hit)
1357 http cache package-json-from-dist@https://registry.npmmirror.com/package-json-from-dist/-/package-json-from-dist-1.0.1.tgz 0ms (cache hit)
1358 http cache minipass@https://registry.npmmirror.com/minipass/-/minipass-7.1.3.tgz 0ms (cache hit)
1359 http cache path-key@https://registry.npmmirror.com/path-key/-/path-key-3.1.1.tgz 0ms (cache hit)
1360 http cache cross-spawn@https://registry.npmmirror.com/cross-spawn/-/cross-spawn-7.0.6.tgz 0ms (cache hit)
1361 http cache path-scurry@https://registry.npmmirror.com/path-scurry/-/path-scurry-1.11.1.tgz 0ms (cache hit)
1362 http cache minimatch@https://registry.npmmirror.com/minimatch/-/minimatch-9.0.9.tgz 0ms (cache hit)
1363 http cache jackspeak@https://registry.npmmirror.com/jackspeak/-/jackspeak-3.4.3.tgz 0ms (cache hit)
1364 http cache has-symbols@https://registry.npmmirror.com/has-symbols/-/has-symbols-1.1.0.tgz 0ms (cache hit)
1365 http cache gopd@https://registry.npmmirror.com/gopd/-/gopd-1.2.0.tgz 0ms (cache hit)
1366 http cache dunder-proto@https://registry.npmmirror.com/dunder-proto/-/dunder-proto-1.0.1.tgz 0ms (cache hit)
1367 http cache foreground-child@https://registry.npmmirror.com/foreground-child/-/foreground-child-3.3.1.tgz 0ms (cache hit)
1368 http cache get-proto@https://registry.npmmirror.com/get-proto/-/get-proto-1.0.1.tgz 0ms (cache hit)
1369 http cache es-define-property@https://registry.npmmirror.com/es-define-property/-/es-define-property-1.0.1.tgz 0ms (cache hit)
1370 http cache call-bind-apply-helpers@https://registry.npmmirror.com/call-bind-apply-helpers/-/call-bind-apply-helpers-1.0.2.tgz 0ms (cache hit)
1371 http cache math-intrinsics@https://registry.npmmirror.com/math-intrinsics/-/math-intrinsics-1.1.0.tgz 0ms (cache hit)
1372 http cache function-bind@https://registry.npmmirror.com/function-bind/-/function-bind-1.1.2.tgz 0ms (cache hit)
1373 http cache has-tostringtag@https://registry.npmmirror.com/has-tostringtag/-/has-tostringtag-1.0.2.tgz 0ms (cache hit)
1374 http cache es-object-atoms@https://registry.npmmirror.com/es-object-atoms/-/es-object-atoms-1.1.2.tgz 0ms (cache hit)
1375 http cache delayed-stream@https://registry.npmmirror.com/delayed-stream/-/delayed-stream-1.0.0.tgz 0ms (cache hit)
1376 http cache hasown@https://registry.npmmirror.com/hasown/-/hasown-2.0.4.tgz 0ms (cache hit)
1377 http cache get-intrinsic@https://registry.npmmirror.com/get-intrinsic/-/get-intrinsic-1.3.0.tgz 0ms (cache hit)
1378 http cache es-errors@https://registry.npmmirror.com/es-errors/-/es-errors-1.3.0.tgz 0ms (cache hit)
1379 http cache combined-stream@https://registry.npmmirror.com/combined-stream/-/combined-stream-1.0.8.tgz 0ms (cache hit)
1380 http cache mime-types@https://registry.npmmirror.com/mime-types/-/mime-types-2.1.35.tgz 0ms (cache hit)
1381 http cache es-set-tostringtag@https://registry.npmmirror.com/es-set-tostringtag/-/es-set-tostringtag-2.1.0.tgz 0ms (cache hit)
1382 http cache asynckit@https://registry.npmmirror.com/asynckit/-/asynckit-0.4.0.tgz 0ms (cache hit)
1383 http cache @colors/colors@https://registry.npmmirror.com/@colors/colors/-/colors-1.5.0.tgz 0ms (cache hit)
1384 http cache supports-color@https://registry.npmmirror.com/supports-color/-/supports-color-7.2.0.tgz 0ms (cache hit)
1385 http cache kleur@https://registry.npmmirror.com/kleur/-/kleur-3.0.3.tgz 0ms (cache hit)
1386 http cache color-name@https://registry.npmmirror.com/color-name/-/color-name-1.1.4.tgz 0ms (cache hit)
1387 http cache string-width@https://registry.npmmirror.com/string-width/-/string-width-4.2.3.tgz 0ms (cache hit)
1388 http cache ansi-styles@https://registry.npmmirror.com/ansi-styles/-/ansi-styles-4.3.0.tgz 0ms (cache hit)
1389 http cache ndarray-pixels@https://registry.npmmirror.com/ndarray-pixels/-/ndarray-pixels-5.2.0.tgz 0ms (cache hit)
1390 http cache property-graph@https://registry.npmmirror.com/property-graph/-/property-graph-4.1.0.tgz 0ms (cache hit)
1391 http cache ndarray-lanczos@https://registry.npmmirror.com/ndarray-lanczos/-/ndarray-lanczos-0.3.0.tgz 0ms (cache hit)
1392 http cache color-convert@https://registry.npmmirror.com/color-convert/-/color-convert-2.0.1.tgz 0ms (cache hit)
1393 http cache form-data@https://registry.npmmirror.com/form-data/-/form-data-4.0.6.tgz 0ms (cache hit)
1394 http cache @types/minimatch@https://registry.npmmirror.com/@types/minimatch/-/minimatch-5.1.2.tgz 0ms (cache hit)
1395 http cache wrap-ansi@https://registry.npmmirror.com/wrap-ansi/-/wrap-ansi-8.1.0.tgz 0ms (cache hit)
1396 http cache @types/braces@https://registry.npmmirror.com/@types/braces/-/braces-3.0.5.tgz 0ms (cache hit)
1397 http cache chalk@https://registry.npmmirror.com/chalk/-/chalk-3.0.0.tgz 0ms (cache hit)
1398 http cache ndarray@https://registry.npmmirror.com/ndarray/-/ndarray-1.1.1.tgz 0ms (cache hit)
1399 http cache lodash@https://registry.npmmirror.com/lodash/-/lodash-4.18.1.tgz 0ms (cache hit)
1400 http cache glob@https://registry.npmmirror.com/glob/-/glob-10.4.5.tgz 0ms (cache hit)
1401 http cache @types/wrap-ansi@https://registry.npmmirror.com/@types/wrap-ansi/-/wrap-ansi-8.0.2.tgz 0ms (cache hit)
1402 http cache winston@https://registry.npmmirror.com/winston/-/winston-3.10.0.tgz 0ms (cache hit)
1403 http cache table@https://registry.npmmirror.com/table/-/table-5.4.6.tgz 0ms (cache hit)
1404 http cache tmp@https://registry.npmmirror.com/tmp/-/tmp-0.2.7.tgz 0ms (cache hit)
1405 http cache @types/table@https://registry.npmmirror.com/@types/table/-/table-5.0.0.tgz 0ms (cache hit)
1406 http cache @types/node@https://registry.npmmirror.com/@types/node/-/node-20.5.6.tgz 0ms (cache hit)
1407 http cache sharp@https://registry.npmmirror.com/sharp/-/sharp-0.34.5.tgz 0ms (cache hit)
1408 http cache @types/glob@https://registry.npmmirror.com/@types/glob/-/glob-8.1.0.tgz 0ms (cache hit)
1409 http cache @types/lodash@https://registry.npmmirror.com/@types/lodash/-/lodash-4.17.25.tgz 0ms (cache hit)
1410 http cache mikktspace@https://registry.npmmirror.com/mikktspace/-/mikktspace-1.1.1.tgz 0ms (cache hit)
1411 http cache meshoptimizer@https://registry.npmmirror.com/meshoptimizer/-/meshoptimizer-1.0.1.tgz 0ms (cache hit)
1412 http cache prompts@https://registry.npmmirror.com/prompts/-/prompts-2.4.2.tgz 0ms (cache hit)
1413 http cache watlas@https://registry.npmmirror.com/watlas/-/watlas-1.0.1.tgz 0ms (cache hit)
1414 http cache node-fetch@https://registry.npmmirror.com/node-fetch/-/node-fetch-3.3.2.tgz 0ms (cache hit)
1415 http cache listr2@https://registry.npmmirror.com/listr2/-/listr2-8.3.3.tgz 0ms (cache hit)
1416 http cache language-tags@https://registry.npmmirror.com/language-tags/-/language-tags-2.1.0.tgz 0ms (cache hit)
1417 http cache csv-stringify@https://registry.npmmirror.com/csv-stringify/-/csv-stringify-6.6.0.tgz 0ms (cache hit)
1418 http cache ktx-parse@https://registry.npmmirror.com/ktx-parse/-/ktx-parse-1.1.0.tgz 0ms (cache hit)
1419 http cache cli-table3@https://registry.npmmirror.com/cli-table3/-/cli-table3-0.6.5.tgz 0ms (cache hit)
1420 http cache gltf-validator@https://registry.npmmirror.com/gltf-validator/-/gltf-validator-2.0.0-dev.3.10.tgz 0ms (cache hit)
1421 http cache keyframe-resample@https://registry.npmmirror.com/keyframe-resample/-/keyframe-resample-0.1.0.tgz 0ms (cache hit)
1422 http cache @types/node-fetch@https://registry.npmmirror.com/@types/node-fetch/-/node-fetch-2.6.13.tgz 0ms (cache hit)
1423 http cache @types/tmp@https://registry.npmmirror.com/@types/tmp/-/tmp-0.2.6.tgz 0ms (cache hit)
1424 http cache draco3dgltf@https://registry.npmmirror.com/draco3dgltf/-/draco3dgltf-1.5.7.tgz 0ms (cache hit)
1425 http cache @gltf-transform/functions@https://registry.npmmirror.com/@gltf-transform/functions/-/functions-4.4.2.tgz 0ms (cache hit)
1426 http cache @types/micromatch@https://registry.npmmirror.com/@types/micromatch/-/micromatch-4.0.10.tgz 0ms (cache hit)
1427 http cache @types/language-tags@https://registry.npmmirror.com/@types/language-tags/-/language-tags-1.0.4.tgz 0ms (cache hit)
1428 http cache micromatch@https://registry.npmmirror.com/micromatch/-/micromatch-4.0.8.tgz 0ms (cache hit)
1429 http cache @gltf-transform/extensions@https://registry.npmmirror.com/@gltf-transform/extensions/-/extensions-4.4.2.tgz 0ms (cache hit)
1430 http cache @gltf-transform/cli@https://registry.npmmirror.com/@gltf-transform/cli/-/cli-4.4.2.tgz 0ms (cache hit)
1431 http cache @types/prompts@https://registry.npmmirror.com/@types/prompts/-/prompts-2.4.9.tgz 0ms (cache hit)
1432 http cache @donmccurdy/caporal@https://registry.npmmirror.com/@donmccurdy/caporal/-/caporal-0.0.10.tgz 0ms (cache hit)
1433 http cache @img/sharp-wasm32@https://registry.npmmirror.com/@img/sharp-wasm32/-/sharp-wasm32-0.35.4.tgz 0ms (cache hit)
1434 http cache @img/sharp-wasm32@https://registry.npmmirror.com/@img/sharp-wasm32/-/sharp-wasm32-0.35.4.tgz 0ms (cache hit)
1435 http cache @gltf-transform/core@https://registry.npmmirror.com/@gltf-transform/core/-/core-4.4.2.tgz 0ms (cache hit)
1436 http cache color-name@https://registry.npmmirror.com/color-name/-/color-name-2.1.1.tgz 0ms (cache hit)
1437 http cache @colors/colors@https://registry.npmmirror.com/@colors/colors/-/colors-1.6.0.tgz 0ms (cache hit)
1438 http cache color-convert@https://registry.npmmirror.com/color-convert/-/color-convert-3.1.3.tgz 0ms (cache hit)
1439 http cache string-width@https://registry.npmmirror.com/string-width/-/string-width-7.2.0.tgz 0ms (cache hit)
1440 http cache ansi-styles@https://registry.npmmirror.com/ansi-styles/-/ansi-styles-6.2.3.tgz 0ms (cache hit)
1441 http cache color-name@https://registry.npmmirror.com/color-name/-/color-name-2.1.1.tgz 0ms (cache hit)
1442 http cache wrap-ansi@https://registry.npmmirror.com/wrap-ansi/-/wrap-ansi-9.0.2.tgz 0ms (cache hit)
1443 http cache emoji-regex@https://registry.npmmirror.com/emoji-regex/-/emoji-regex-10.6.0.tgz 0ms (cache hit)
1444 http cache is-fullwidth-code-point@https://registry.npmmirror.com/is-fullwidth-code-point/-/is-fullwidth-code-point-5.1.0.tgz 0ms (cache hit)
1445 http cache slice-ansi@https://registry.npmmirror.com/slice-ansi/-/slice-ansi-7.1.2.tgz 0ms (cache hit)
1446 http cache string-width@https://registry.npmmirror.com/string-width/-/string-width-7.2.0.tgz 0ms (cache hit)
1447 http cache ansi-regex@https://registry.npmmirror.com/ansi-regex/-/ansi-regex-5.0.1.tgz 0ms (cache hit)
1448 http cache ansi-styles@https://registry.npmmirror.com/ansi-styles/-/ansi-styles-6.2.3.tgz 0ms (cache hit)
1449 http cache ansi-regex@https://registry.npmmirror.com/ansi-regex/-/ansi-regex-5.0.1.tgz 0ms (cache hit)
1450 http cache ansi-regex@https://registry.npmmirror.com/ansi-regex/-/ansi-regex-5.0.1.tgz 1ms (cache hit)
1451 http cache emoji-regex@https://registry.npmmirror.com/emoji-regex/-/emoji-regex-10.6.0.tgz 0ms (cache hit)
1452 http cache ansi-regex@https://registry.npmmirror.com/ansi-regex/-/ansi-regex-5.0.1.tgz 0ms (cache hit)
1453 http cache emoji-regex@https://registry.npmmirror.com/emoji-regex/-/emoji-regex-9.2.2.tgz 0ms (cache hit)
1454 http cache string-width@https://registry.npmmirror.com/string-width/-/string-width-5.1.2.tgz 0ms (cache hit)
1455 http cache strip-ansi@https://registry.npmmirror.com/strip-ansi/-/strip-ansi-6.0.1.tgz 0ms (cache hit)
1456 http cache @img/sharp-win32-x64@https://registry.npmmirror.com/@img/sharp-win32-x64/-/sharp-win32-x64-0.35.4.tgz 0ms (cache hit)
1457 http cache is-fullwidth-code-point@https://registry.npmmirror.com/is-fullwidth-code-point/-/is-fullwidth-code-point-3.0.0.tgz 0ms (cache hit)
1458 http cache is-fullwidth-code-point@https://registry.npmmirror.com/is-fullwidth-code-point/-/is-fullwidth-code-point-3.0.0.tgz 0ms (cache hit)
1459 http cache strip-ansi@https://registry.npmmirror.com/strip-ansi/-/strip-ansi-6.0.1.tgz 0ms (cache hit)
1460 http cache strip-ansi@https://registry.npmmirror.com/strip-ansi/-/strip-ansi-6.0.1.tgz 0ms (cache hit)
1461 http cache sharp@https://registry.npmmirror.com/sharp/-/sharp-0.35.4.tgz 0ms (cache hit)
1462 http cache ansi-regex@https://registry.npmmirror.com/ansi-regex/-/ansi-regex-4.1.1.tgz 0ms (cache hit)
1463 http cache emoji-regex@https://registry.npmmirror.com/emoji-regex/-/emoji-regex-9.2.2.tgz 0ms (cache hit)
1464 http cache string-width@https://registry.npmmirror.com/string-width/-/string-width-5.1.2.tgz 0ms (cache hit)
1465 http cache ansi-styles@https://registry.npmmirror.com/ansi-styles/-/ansi-styles-6.2.3.tgz 0ms (cache hit)
1466 http cache strip-ansi@https://registry.npmmirror.com/strip-ansi/-/strip-ansi-5.2.0.tgz 0ms (cache hit)
1467 http cache color-name@https://registry.npmmirror.com/color-name/-/color-name-1.1.3.tgz 0ms (cache hit)
1468 http cache is-fullwidth-code-point@https://registry.npmmirror.com/is-fullwidth-code-point/-/is-fullwidth-code-point-2.0.0.tgz 0ms (cache hit)
1469 http cache color-convert@https://registry.npmmirror.com/color-convert/-/color-convert-1.9.3.tgz 0ms (cache hit)
1470 http cache ansi-styles@https://registry.npmmirror.com/ansi-styles/-/ansi-styles-3.2.1.tgz 0ms (cache hit)
1471 http cache emoji-regex@https://registry.npmmirror.com/emoji-regex/-/emoji-regex-10.6.0.tgz 0ms (cache hit)
1472 http cache string-width@https://registry.npmmirror.com/string-width/-/string-width-3.1.0.tgz 0ms (cache hit)
1473 http cache emoji-regex@https://registry.npmmirror.com/emoji-regex/-/emoji-regex-7.0.3.tgz 0ms (cache hit)
1474 silly tarball no local data for astral-regex@https://registry.npmmirror.com/astral-regex/-/astral-regex-1.0.0.tgz. Extracting by manifest.
1475 http cache string-width@https://registry.npmmirror.com/string-width/-/string-width-7.2.0.tgz 0ms (cache hit)
1476 http cache ansi-styles@https://registry.npmmirror.com/ansi-styles/-/ansi-styles-6.2.3.tgz 0ms (cache hit)
1477 http cache slice-ansi@https://registry.npmmirror.com/slice-ansi/-/slice-ansi-2.1.0.tgz 0ms (cache hit)
1478 silly tarball no local data for safe-buffer@https://registry.npmmirror.com/safe-buffer/-/safe-buffer-5.2.1.tgz. Extracting by manifest.
1479 silly tarball no local data for get-east-asian-width@https://registry.npmmirror.com/get-east-asian-width/-/get-east-asian-width-1.6.0.tgz. Extracting by manifest.
1480 silly tarball no local data for util-deprecate@https://registry.npmmirror.com/util-deprecate/-/util-deprecate-1.0.2.tgz. Extracting by manifest.
1481 http cache wrap-ansi@https://registry.npmmirror.com/wrap-ansi/-/wrap-ansi-9.0.2.tgz 0ms (cache hit)
1482 silly tarball no local data for eastasianwidth@https://registry.npmmirror.com/eastasianwidth/-/eastasianwidth-0.2.0.tgz. Extracting by manifest.
1483 silly tarball no local data for inherits@https://registry.npmmirror.com/inherits/-/inherits-2.0.4.tgz. Extracting by manifest.
1484 silly tarball no local data for string_decoder@https://registry.npmmirror.com/string_decoder/-/string_decoder-1.3.0.tgz. Extracting by manifest.
1485 silly tarball no local data for fecha@https://registry.npmmirror.com/fecha/-/fecha-4.2.3.tgz. Extracting by manifest.
1486 silly tarball no local data for @types/triple-beam@https://registry.npmmirror.com/@types/triple-beam/-/triple-beam-1.3.5.tgz. Extracting by manifest.
1487 silly tarball no local data for fn.name@https://registry.npmmirror.com/fn.name/-/fn.name-1.1.0.tgz. Extracting by manifest.
1488 silly tarball no local data for kuler@https://registry.npmmirror.com/kuler/-/kuler-2.0.0.tgz. Extracting by manifest.
1489 silly tarball no local data for ms@https://registry.npmmirror.com/ms/-/ms-2.1.3.tgz. Extracting by manifest.
1490 silly tarball no local data for text-hex@https://registry.npmmirror.com/text-hex/-/text-hex-1.0.0.tgz. Extracting by manifest.
1491 silly tarball no local data for winston-transport@https://registry.npmmirror.com/winston-transport/-/winston-transport-4.9.0.tgz. Extracting by manifest.
1492 silly tarball no local data for color-string@https://registry.npmmirror.com/color-string/-/color-string-2.1.4.tgz. Extracting by manifest.
1493 silly tarball no local data for enabled@https://registry.npmmirror.com/enabled/-/enabled-2.0.0.tgz. Extracting by manifest.
1494 silly tarball no local data for stack-trace@https://registry.npmmirror.com/stack-trace/-/stack-trace-0.0.10.tgz. Extracting by manifest.
1495 silly tarball no local data for color@https://registry.npmmirror.com/color/-/color-5.0.3.tgz. Extracting by manifest.
1496 silly tarball no local data for @so-ric/colorspace@https://registry.npmmirror.com/@so-ric/colorspace/-/colorspace-1.1.6.tgz. Extracting by manifest.
1497 silly tarball no local data for triple-beam@https://registry.npmmirror.com/triple-beam/-/triple-beam-1.4.1.tgz. Extracting by manifest.
1498 silly tarball no local data for safe-stable-stringify@https://registry.npmmirror.com/safe-stable-stringify/-/safe-stable-stringify-2.5.0.tgz. Extracting by manifest.
1499 silly tarball no local data for one-time@https://registry.npmmirror.com/one-time/-/one-time-1.0.0.tgz. Extracting by manifest.
1500 silly tarball no local data for async@https://registry.npmmirror.com/async/-/async-3.2.6.tgz. Extracting by manifest.
1501 silly tarball no local data for logform@https://registry.npmmirror.com/logform/-/logform-2.7.0.tgz. Extracting by manifest.
1502 silly tarball no local data for is-stream@https://registry.npmmirror.com/is-stream/-/is-stream-2.0.1.tgz. Extracting by manifest.
1503 silly tarball no local data for @dabh/diagnostics@https://registry.npmmirror.com/@dabh/diagnostics/-/diagnostics-2.0.8.tgz. Extracting by manifest.
1504 silly tarball no local data for readable-stream@https://registry.npmmirror.com/readable-stream/-/readable-stream-3.6.2.tgz. Extracting by manifest.
1505 silly tarball no local data for punycode@https://registry.npmmirror.com/punycode/-/punycode-2.3.1.tgz. Extracting by manifest.
1506 silly tarball no local data for fast-deep-equal@https://registry.npmmirror.com/fast-deep-equal/-/fast-deep-equal-3.1.3.tgz. Extracting by manifest.
1507 silly tarball no local data for isexe@https://registry.npmmirror.com/isexe/-/isexe-2.0.0.tgz. Extracting by manifest.
1508 silly tarball no local data for uri-js@https://registry.npmmirror.com/uri-js/-/uri-js-4.4.1.tgz. Extracting by manifest.
1509 silly tarball no local data for is-number@https://registry.npmmirror.com/is-number/-/is-number-7.0.0.tgz. Extracting by manifest.
1510 silly tarball no local data for ansi-regex@https://registry.npmmirror.com/ansi-regex/-/ansi-regex-6.3.0.tgz. Extracting by manifest.
1511 silly tarball no local data for has-flag@https://registry.npmmirror.com/has-flag/-/has-flag-4.0.0.tgz. Extracting by manifest.
1512 silly tarball no local data for json-schema-traverse@https://registry.npmmirror.com/json-schema-traverse/-/json-schema-traverse-0.4.1.tgz. Extracting by manifest.
1513 silly tarball no local data for fast-json-stable-stringify@https://registry.npmmirror.com/fast-json-stable-stringify/-/fast-json-stable-stringify-2.1.0.tgz. Extracting by manifest.
1514 silly tarball no local data for ajv@https://registry.npmmirror.com/ajv/-/ajv-6.15.0.tgz. Extracting by manifest.
1515 silly tarball no local data for semver@https://registry.npmmirror.com/semver/-/semver-7.8.5.tgz. Extracting by manifest.
1516 silly tarball no local data for is-fullwidth-code-point@https://registry.npmmirror.com/is-fullwidth-code-point/-/is-fullwidth-code-point-4.0.0.tgz. Extracting by manifest.
1517 silly tarball no local data for tslib@https://registry.npmmirror.com/tslib/-/tslib-2.8.1.tgz. Extracting by manifest.
1518 silly tarball no local data for emoji-regex@https://registry.npmmirror.com/emoji-regex/-/emoji-regex-8.0.0.tgz. Extracting by manifest.
1519 silly tarball no local data for @emnapi/runtime@https://registry.npmmirror.com/@emnapi/runtime/-/runtime-1.11.3.tgz. Extracting by manifest.
1520 silly tarball no local data for shebang-regex@https://registry.npmmirror.com/shebang-regex/-/shebang-regex-3.0.0.tgz. Extracting by manifest.
1521 silly tarball no local data for @img/sharp-win32-x64@https://registry.npmmirror.com/@img/sharp-win32-x64/-/sharp-win32-x64-0.34.5.tgz. Extracting by manifest.
1522 silly tarball no local data for detect-libc@https://registry.npmmirror.com/detect-libc/-/detect-libc-2.1.2.tgz. Extracting by manifest.
1523 silly tarball no local data for mimic-function@https://registry.npmmirror.com/mimic-function/-/mimic-function-5.0.1.tgz. Extracting by manifest.
1524 silly tarball no local data for onetime@https://registry.npmmirror.com/onetime/-/onetime-7.0.0.tgz. Extracting by manifest.
1525 silly tarball no local data for @img/colour@https://registry.npmmirror.com/@img/colour/-/colour-1.1.0.tgz. Extracting by manifest.
1526 silly tarball no local data for sisteransi@https://registry.npmmirror.com/sisteransi/-/sisteransi-1.0.5.tgz. Extracting by manifest.
1527 silly tarball no local data for lru-cache@https://registry.npmmirror.com/lru-cache/-/lru-cache-10.4.3.tgz. Extracting by manifest.
1528 silly tarball no local data for formdata-polyfill@https://registry.npmmirror.com/formdata-polyfill/-/formdata-polyfill-4.0.10.tgz. Extracting by manifest.
1529 silly tarball no local data for web-streams-polyfill@https://registry.npmmirror.com/web-streams-polyfill/-/web-streams-polyfill-3.3.3.tgz. Extracting by manifest.
1530 silly tarball no local data for fetch-blob@https://registry.npmmirror.com/fetch-blob/-/fetch-blob-3.2.0.tgz. Extracting by manifest.
1531 silly tarball no local data for uniq@https://registry.npmmirror.com/uniq/-/uniq-1.0.1.tgz. Extracting by manifest.
1532 silly tarball no local data for data-uri-to-buffer@https://registry.npmmirror.com/data-uri-to-buffer/-/data-uri-to-buffer-4.0.1.tgz. Extracting by manifest.
1533 silly tarball no local data for @types/ndarray@https://registry.npmmirror.com/@types/ndarray/-/ndarray-1.1.0.tgz. Extracting by manifest.
1534 silly tarball no local data for cwise-compiler@https://registry.npmmirror.com/cwise-compiler/-/cwise-compiler-1.1.3.tgz. Extracting by manifest.
1535 silly tarball no local data for iota-array@https://registry.npmmirror.com/iota-array/-/iota-array-1.0.0.tgz. Extracting by manifest.
1536 silly tarball no local data for ndarray-ops@https://registry.npmmirror.com/ndarray-ops/-/ndarray-ops-1.2.2.tgz. Extracting by manifest.
1537 silly tarball no local data for mime-db@https://registry.npmmirror.com/mime-db/-/mime-db-1.52.0.tgz. Extracting by manifest.
1538 silly tarball no local data for balanced-match@https://registry.npmmirror.com/balanced-match/-/balanced-match-1.0.2.tgz. Extracting by manifest.
1539 silly tarball no local data for node-domexception@https://registry.npmmirror.com/node-domexception/-/node-domexception-1.0.0.tgz. Extracting by manifest.
1540 silly tarball no local data for is-buffer@https://registry.npmmirror.com/is-buffer/-/is-buffer-1.1.6.tgz. Extracting by manifest.
1541 silly tarball no local data for brace-expansion@https://registry.npmmirror.com/brace-expansion/-/brace-expansion-2.1.4.tgz. Extracting by manifest.
1542 silly tarball no local data for braces@https://registry.npmmirror.com/braces/-/braces-3.0.3.tgz. Extracting by manifest.
1543 silly tarball no local data for fill-range@https://registry.npmmirror.com/fill-range/-/fill-range-7.1.1.tgz. Extracting by manifest.
1544 silly tarball no local data for to-regex-range@https://registry.npmmirror.com/to-regex-range/-/to-regex-range-5.0.1.tgz. Extracting by manifest.
1545 silly tarball no local data for picomatch@https://registry.npmmirror.com/picomatch/-/picomatch-2.3.2.tgz. Extracting by manifest.
1546 silly tarball no local data for restore-cursor@https://registry.npmmirror.com/restore-cursor/-/restore-cursor-5.1.0.tgz. Extracting by manifest.
1547 silly tarball no local data for slice-ansi@https://registry.npmmirror.com/slice-ansi/-/slice-ansi-5.0.0.tgz. Extracting by manifest.
1548 silly tarball no local data for log-update@https://registry.npmmirror.com/log-update/-/log-update-6.1.0.tgz. Extracting by manifest.
1549 silly tarball no local data for environment@https://registry.npmmirror.com/environment/-/environment-1.1.0.tgz. Extracting by manifest.
1550 silly tarball no local data for cli-cursor@https://registry.npmmirror.com/cli-cursor/-/cli-cursor-5.0.0.tgz. Extracting by manifest.
1551 silly tarball no local data for eventemitter3@https://registry.npmmirror.com/eventemitter3/-/eventemitter3-5.0.4.tgz. Extracting by manifest.
1552 silly tarball no local data for cli-truncate@https://registry.npmmirror.com/cli-truncate/-/cli-truncate-4.0.0.tgz. Extracting by manifest.
1553 silly tarball no local data for rfdc@https://registry.npmmirror.com/rfdc/-/rfdc-1.4.1.tgz. Extracting by manifest.
1554 silly tarball no local data for colorette@https://registry.npmmirror.com/colorette/-/colorette-2.0.20.tgz. Extracting by manifest.
1555 silly tarball no local data for ansi-escapes@https://registry.npmmirror.com/ansi-escapes/-/ansi-escapes-7.3.0.tgz. Extracting by manifest.
1556 silly tarball no local data for strip-ansi@https://registry.npmmirror.com/strip-ansi/-/strip-ansi-7.2.0.tgz. Extracting by manifest.
1557 silly tarball no local data for wrap-ansi-cjs@https://registry.npmmirror.com/wrap-ansi/-/wrap-ansi-7.0.0.tgz. Extracting by manifest.
1558 silly tarball no local data for @pkgjs/parseargs@https://registry.npmmirror.com/@pkgjs/parseargs/-/parseargs-0.11.0.tgz. Extracting by manifest.
1559 silly tarball no local data for language-subtag-registry@https://registry.npmmirror.com/language-subtag-registry/-/language-subtag-registry-0.3.23.tgz. Extracting by manifest.
1560 silly tarball no local data for @isaacs/cliui@https://registry.npmmirror.com/@isaacs/cliui/-/cliui-8.0.2.tgz. Extracting by manifest.
1561 silly tarball no local data for strip-ansi-cjs@https://registry.npmmirror.com/strip-ansi/-/strip-ansi-6.0.1.tgz. Extracting by manifest.
1562 silly tarball no local data for which@https://registry.npmmirror.com/which/-/which-2.0.2.tgz. Extracting by manifest.
1563 silly tarball no local data for string-width-cjs@https://registry.npmmirror.com/string-width/-/string-width-4.2.3.tgz. Extracting by manifest.
1564 silly tarball no local data for signal-exit@https://registry.npmmirror.com/signal-exit/-/signal-exit-4.1.0.tgz. Extracting by manifest.
1565 silly tarball no local data for shebang-command@https://registry.npmmirror.com/shebang-command/-/shebang-command-2.0.0.tgz. Extracting by manifest.
1566 silly tarball no local data for package-json-from-dist@https://registry.npmmirror.com/package-json-from-dist/-/package-json-from-dist-1.0.1.tgz. Extracting by manifest.
1567 silly tarball no local data for minipass@https://registry.npmmirror.com/minipass/-/minipass-7.1.3.tgz. Extracting by manifest.
1568 silly tarball no local data for path-key@https://registry.npmmirror.com/path-key/-/path-key-3.1.1.tgz. Extracting by manifest.
1569 silly tarball no local data for cross-spawn@https://registry.npmmirror.com/cross-spawn/-/cross-spawn-7.0.6.tgz. Extracting by manifest.
1570 silly tarball no local data for path-scurry@https://registry.npmmirror.com/path-scurry/-/path-scurry-1.11.1.tgz. Extracting by manifest.
1571 silly tarball no local data for minimatch@https://registry.npmmirror.com/minimatch/-/minimatch-9.0.9.tgz. Extracting by manifest.
1572 silly tarball no local data for jackspeak@https://registry.npmmirror.com/jackspeak/-/jackspeak-3.4.3.tgz. Extracting by manifest.
1573 silly tarball no local data for has-symbols@https://registry.npmmirror.com/has-symbols/-/has-symbols-1.1.0.tgz. Extracting by manifest.
1574 silly tarball no local data for gopd@https://registry.npmmirror.com/gopd/-/gopd-1.2.0.tgz. Extracting by manifest.
1575 silly tarball no local data for dunder-proto@https://registry.npmmirror.com/dunder-proto/-/dunder-proto-1.0.1.tgz. Extracting by manifest.
1576 silly tarball no local data for foreground-child@https://registry.npmmirror.com/foreground-child/-/foreground-child-3.3.1.tgz. Extracting by manifest.
1577 silly tarball no local data for get-proto@https://registry.npmmirror.com/get-proto/-/get-proto-1.0.1.tgz. Extracting by manifest.
1578 silly tarball no local data for es-define-property@https://registry.npmmirror.com/es-define-property/-/es-define-property-1.0.1.tgz. Extracting by manifest.
1579 silly tarball no local data for call-bind-apply-helpers@https://registry.npmmirror.com/call-bind-apply-helpers/-/call-bind-apply-helpers-1.0.2.tgz. Extracting by manifest.
1580 silly tarball no local data for math-intrinsics@https://registry.npmmirror.com/math-intrinsics/-/math-intrinsics-1.1.0.tgz. Extracting by manifest.
1581 silly tarball no local data for function-bind@https://registry.npmmirror.com/function-bind/-/function-bind-1.1.2.tgz. Extracting by manifest.
1582 silly tarball no local data for has-tostringtag@https://registry.npmmirror.com/has-tostringtag/-/has-tostringtag-1.0.2.tgz. Extracting by manifest.
1583 silly tarball no local data for es-object-atoms@https://registry.npmmirror.com/es-object-atoms/-/es-object-atoms-1.1.2.tgz. Extracting by manifest.
1584 silly tarball no local data for delayed-stream@https://registry.npmmirror.com/delayed-stream/-/delayed-stream-1.0.0.tgz. Extracting by manifest.
1585 silly tarball no local data for hasown@https://registry.npmmirror.com/hasown/-/hasown-2.0.4.tgz. Extracting by manifest.
1586 silly tarball no local data for get-intrinsic@https://registry.npmmirror.com/get-intrinsic/-/get-intrinsic-1.3.0.tgz. Extracting by manifest.
1587 silly tarball no local data for es-errors@https://registry.npmmirror.com/es-errors/-/es-errors-1.3.0.tgz. Extracting by manifest.
1588 silly tarball no local data for combined-stream@https://registry.npmmirror.com/combined-stream/-/combined-stream-1.0.8.tgz. Extracting by manifest.
1589 silly tarball no local data for mime-types@https://registry.npmmirror.com/mime-types/-/mime-types-2.1.35.tgz. Extracting by manifest.
1590 silly tarball no local data for es-set-tostringtag@https://registry.npmmirror.com/es-set-tostringtag/-/es-set-tostringtag-2.1.0.tgz. Extracting by manifest.
1591 silly tarball no local data for asynckit@https://registry.npmmirror.com/asynckit/-/asynckit-0.4.0.tgz. Extracting by manifest.
1592 silly tarball no local data for @colors/colors@https://registry.npmmirror.com/@colors/colors/-/colors-1.5.0.tgz. Extracting by manifest.
1593 silly tarball no local data for supports-color@https://registry.npmmirror.com/supports-color/-/supports-color-7.2.0.tgz. Extracting by manifest.
1594 silly tarball no local data for kleur@https://registry.npmmirror.com/kleur/-/kleur-3.0.3.tgz. Extracting by manifest.
1595 silly tarball no local data for color-name@https://registry.npmmirror.com/color-name/-/color-name-1.1.4.tgz. Extracting by manifest.
1596 silly tarball no local data for string-width@https://registry.npmmirror.com/string-width/-/string-width-4.2.3.tgz. Extracting by manifest.
1597 silly tarball no local data for ansi-styles@https://registry.npmmirror.com/ansi-styles/-/ansi-styles-4.3.0.tgz. Extracting by manifest.
1598 silly tarball no local data for ndarray-pixels@https://registry.npmmirror.com/ndarray-pixels/-/ndarray-pixels-5.2.0.tgz. Extracting by manifest.
1599 silly tarball no local data for property-graph@https://registry.npmmirror.com/property-graph/-/property-graph-4.1.0.tgz. Extracting by manifest.
1600 silly tarball no local data for ndarray-lanczos@https://registry.npmmirror.com/ndarray-lanczos/-/ndarray-lanczos-0.3.0.tgz. Extracting by manifest.
1601 silly tarball no local data for color-convert@https://registry.npmmirror.com/color-convert/-/color-convert-2.0.1.tgz. Extracting by manifest.
1602 silly tarball no local data for form-data@https://registry.npmmirror.com/form-data/-/form-data-4.0.6.tgz. Extracting by manifest.
1603 silly tarball no local data for @types/minimatch@https://registry.npmmirror.com/@types/minimatch/-/minimatch-5.1.2.tgz. Extracting by manifest.
1604 silly tarball no local data for wrap-ansi@https://registry.npmmirror.com/wrap-ansi/-/wrap-ansi-8.1.0.tgz. Extracting by manifest.
1605 silly tarball no local data for @types/braces@https://registry.npmmirror.com/@types/braces/-/braces-3.0.5.tgz. Extracting by manifest.
1606 silly tarball no local data for chalk@https://registry.npmmirror.com/chalk/-/chalk-3.0.0.tgz. Extracting by manifest.
1607 silly tarball no local data for ndarray@https://registry.npmmirror.com/ndarray/-/ndarray-1.1.1.tgz. Extracting by manifest.
1608 silly tarball no local data for lodash@https://registry.npmmirror.com/lodash/-/lodash-4.18.1.tgz. Extracting by manifest.
1609 silly tarball no local data for glob@https://registry.npmmirror.com/glob/-/glob-10.4.5.tgz. Extracting by manifest.
1610 silly tarball no local data for @types/wrap-ansi@https://registry.npmmirror.com/@types/wrap-ansi/-/wrap-ansi-8.0.2.tgz. Extracting by manifest.
1611 silly tarball no local data for winston@https://registry.npmmirror.com/winston/-/winston-3.10.0.tgz. Extracting by manifest.
1612 silly tarball no local data for table@https://registry.npmmirror.com/table/-/table-5.4.6.tgz. Extracting by manifest.
1613 silly tarball no local data for tmp@https://registry.npmmirror.com/tmp/-/tmp-0.2.7.tgz. Extracting by manifest.
1614 silly tarball no local data for @types/table@https://registry.npmmirror.com/@types/table/-/table-5.0.0.tgz. Extracting by manifest.
1615 silly tarball no local data for @types/node@https://registry.npmmirror.com/@types/node/-/node-20.5.6.tgz. Extracting by manifest.
1616 silly tarball no local data for sharp@https://registry.npmmirror.com/sharp/-/sharp-0.34.5.tgz. Extracting by manifest.
1617 silly tarball no local data for @types/glob@https://registry.npmmirror.com/@types/glob/-/glob-8.1.0.tgz. Extracting by manifest.
1618 silly tarball no local data for @types/lodash@https://registry.npmmirror.com/@types/lodash/-/lodash-4.17.25.tgz. Extracting by manifest.
1619 silly tarball no local data for mikktspace@https://registry.npmmirror.com/mikktspace/-/mikktspace-1.1.1.tgz. Extracting by manifest.
1620 silly tarball no local data for meshoptimizer@https://registry.npmmirror.com/meshoptimizer/-/meshoptimizer-1.0.1.tgz. Extracting by manifest.
1621 silly tarball no local data for prompts@https://registry.npmmirror.com/prompts/-/prompts-2.4.2.tgz. Extracting by manifest.
1622 silly tarball no local data for watlas@https://registry.npmmirror.com/watlas/-/watlas-1.0.1.tgz. Extracting by manifest.
1623 silly tarball no local data for node-fetch@https://registry.npmmirror.com/node-fetch/-/node-fetch-3.3.2.tgz. Extracting by manifest.
1624 silly tarball no local data for listr2@https://registry.npmmirror.com/listr2/-/listr2-8.3.3.tgz. Extracting by manifest.
1625 silly tarball no local data for language-tags@https://registry.npmmirror.com/language-tags/-/language-tags-2.1.0.tgz. Extracting by manifest.
1626 silly tarball no local data for csv-stringify@https://registry.npmmirror.com/csv-stringify/-/csv-stringify-6.6.0.tgz. Extracting by manifest.
1627 silly tarball no local data for ktx-parse@https://registry.npmmirror.com/ktx-parse/-/ktx-parse-1.1.0.tgz. Extracting by manifest.
1628 silly tarball no local data for cli-table3@https://registry.npmmirror.com/cli-table3/-/cli-table3-0.6.5.tgz. Extracting by manifest.
1629 silly tarball no local data for gltf-validator@https://registry.npmmirror.com/gltf-validator/-/gltf-validator-2.0.0-dev.3.10.tgz. Extracting by manifest.
1630 silly tarball no local data for keyframe-resample@https://registry.npmmirror.com/keyframe-resample/-/keyframe-resample-0.1.0.tgz. Extracting by manifest.
1631 silly tarball no local data for @types/node-fetch@https://registry.npmmirror.com/@types/node-fetch/-/node-fetch-2.6.13.tgz. Extracting by manifest.
1632 silly tarball no local data for @types/tmp@https://registry.npmmirror.com/@types/tmp/-/tmp-0.2.6.tgz. Extracting by manifest.
1633 silly tarball no local data for draco3dgltf@https://registry.npmmirror.com/draco3dgltf/-/draco3dgltf-1.5.7.tgz. Extracting by manifest.
1634 silly tarball no local data for @gltf-transform/functions@https://registry.npmmirror.com/@gltf-transform/functions/-/functions-4.4.2.tgz. Extracting by manifest.
1635 silly tarball no local data for @types/micromatch@https://registry.npmmirror.com/@types/micromatch/-/micromatch-4.0.10.tgz. Extracting by manifest.
1636 silly tarball no local data for @types/language-tags@https://registry.npmmirror.com/@types/language-tags/-/language-tags-1.0.4.tgz. Extracting by manifest.
1637 silly tarball no local data for micromatch@https://registry.npmmirror.com/micromatch/-/micromatch-4.0.8.tgz. Extracting by manifest.
1638 silly tarball no local data for @gltf-transform/extensions@https://registry.npmmirror.com/@gltf-transform/extensions/-/extensions-4.4.2.tgz. Extracting by manifest.
1639 silly tarball no local data for @types/prompts@https://registry.npmmirror.com/@types/prompts/-/prompts-2.4.9.tgz. Extracting by manifest.
1640 silly tarball no local data for @gltf-transform/cli@https://registry.npmmirror.com/@gltf-transform/cli/-/cli-4.4.2.tgz. Extracting by manifest.
1641 silly tarball no local data for @donmccurdy/caporal@https://registry.npmmirror.com/@donmccurdy/caporal/-/caporal-0.0.10.tgz. Extracting by manifest.
1642 silly tarball no local data for @img/sharp-wasm32@https://registry.npmmirror.com/@img/sharp-wasm32/-/sharp-wasm32-0.35.4.tgz. Extracting by manifest.
1643 silly tarball no local data for @img/sharp-wasm32@https://registry.npmmirror.com/@img/sharp-wasm32/-/sharp-wasm32-0.35.4.tgz. Extracting by manifest.
1644 silly tarball no local data for @gltf-transform/core@https://registry.npmmirror.com/@gltf-transform/core/-/core-4.4.2.tgz. Extracting by manifest.
1645 silly tarball no local data for color-name@https://registry.npmmirror.com/color-name/-/color-name-2.1.1.tgz. Extracting by manifest.
1646 silly tarball no local data for @colors/colors@https://registry.npmmirror.com/@colors/colors/-/colors-1.6.0.tgz. Extracting by manifest.
1647 silly tarball no local data for string-width@https://registry.npmmirror.com/string-width/-/string-width-7.2.0.tgz. Extracting by manifest.
1648 silly tarball no local data for color-convert@https://registry.npmmirror.com/color-convert/-/color-convert-3.1.3.tgz. Extracting by manifest.
1649 silly tarball no local data for ansi-styles@https://registry.npmmirror.com/ansi-styles/-/ansi-styles-6.2.3.tgz. Extracting by manifest.
1650 silly tarball no local data for color-name@https://registry.npmmirror.com/color-name/-/color-name-2.1.1.tgz. Extracting by manifest.
1651 silly tarball no local data for wrap-ansi@https://registry.npmmirror.com/wrap-ansi/-/wrap-ansi-9.0.2.tgz. Extracting by manifest.
1652 silly tarball no local data for emoji-regex@https://registry.npmmirror.com/emoji-regex/-/emoji-regex-10.6.0.tgz. Extracting by manifest.
1653 silly tarball no local data for is-fullwidth-code-point@https://registry.npmmirror.com/is-fullwidth-code-point/-/is-fullwidth-code-point-5.1.0.tgz. Extracting by manifest.
1654 silly tarball no local data for slice-ansi@https://registry.npmmirror.com/slice-ansi/-/slice-ansi-7.1.2.tgz. Extracting by manifest.
1655 silly tarball no local data for string-width@https://registry.npmmirror.com/string-width/-/string-width-7.2.0.tgz. Extracting by manifest.
1656 silly tarball no local data for ansi-regex@https://registry.npmmirror.com/ansi-regex/-/ansi-regex-5.0.1.tgz. Extracting by manifest.
1657 silly tarball no local data for ansi-styles@https://registry.npmmirror.com/ansi-styles/-/ansi-styles-6.2.3.tgz. Extracting by manifest.
1658 silly tarball no local data for ansi-regex@https://registry.npmmirror.com/ansi-regex/-/ansi-regex-5.0.1.tgz. Extracting by manifest.
1659 silly tarball no local data for ansi-regex@https://registry.npmmirror.com/ansi-regex/-/ansi-regex-5.0.1.tgz. Extracting by manifest.
1660 silly tarball no local data for emoji-regex@https://registry.npmmirror.com/emoji-regex/-/emoji-regex-10.6.0.tgz. Extracting by manifest.
1661 silly tarball no local data for ansi-regex@https://registry.npmmirror.com/ansi-regex/-/ansi-regex-5.0.1.tgz. Extracting by manifest.
1662 silly tarball no local data for emoji-regex@https://registry.npmmirror.com/emoji-regex/-/emoji-regex-9.2.2.tgz. Extracting by manifest.
1663 silly tarball no local data for string-width@https://registry.npmmirror.com/string-width/-/string-width-5.1.2.tgz. Extracting by manifest.
1664 silly tarball no local data for strip-ansi@https://registry.npmmirror.com/strip-ansi/-/strip-ansi-6.0.1.tgz. Extracting by manifest.
1665 silly tarball no local data for @img/sharp-win32-x64@https://registry.npmmirror.com/@img/sharp-win32-x64/-/sharp-win32-x64-0.35.4.tgz. Extracting by manifest.
1666 silly tarball no local data for is-fullwidth-code-point@https://registry.npmmirror.com/is-fullwidth-code-point/-/is-fullwidth-code-point-3.0.0.tgz. Extracting by manifest.
1667 silly tarball no local data for is-fullwidth-code-point@https://registry.npmmirror.com/is-fullwidth-code-point/-/is-fullwidth-code-point-3.0.0.tgz. Extracting by manifest.
1668 silly tarball no local data for strip-ansi@https://registry.npmmirror.com/strip-ansi/-/strip-ansi-6.0.1.tgz. Extracting by manifest.
1669 silly tarball no local data for strip-ansi@https://registry.npmmirror.com/strip-ansi/-/strip-ansi-6.0.1.tgz. Extracting by manifest.
1670 silly tarball no local data for sharp@https://registry.npmmirror.com/sharp/-/sharp-0.35.4.tgz. Extracting by manifest.
1671 silly tarball no local data for ansi-regex@https://registry.npmmirror.com/ansi-regex/-/ansi-regex-4.1.1.tgz. Extracting by manifest.
1672 silly tarball no local data for emoji-regex@https://registry.npmmirror.com/emoji-regex/-/emoji-regex-9.2.2.tgz. Extracting by manifest.
1673 silly tarball no local data for string-width@https://registry.npmmirror.com/string-width/-/string-width-5.1.2.tgz. Extracting by manifest.
1674 silly tarball no local data for ansi-styles@https://registry.npmmirror.com/ansi-styles/-/ansi-styles-6.2.3.tgz. Extracting by manifest.
1675 silly tarball no local data for strip-ansi@https://registry.npmmirror.com/strip-ansi/-/strip-ansi-5.2.0.tgz. Extracting by manifest.
1676 silly tarball no local data for color-name@https://registry.npmmirror.com/color-name/-/color-name-1.1.3.tgz. Extracting by manifest.
1677 silly tarball no local data for is-fullwidth-code-point@https://registry.npmmirror.com/is-fullwidth-code-point/-/is-fullwidth-code-point-2.0.0.tgz. Extracting by manifest.
1678 silly tarball no local data for color-convert@https://registry.npmmirror.com/color-convert/-/color-convert-1.9.3.tgz. Extracting by manifest.
1679 silly tarball no local data for ansi-styles@https://registry.npmmirror.com/ansi-styles/-/ansi-styles-3.2.1.tgz. Extracting by manifest.
1680 silly tarball no local data for emoji-regex@https://registry.npmmirror.com/emoji-regex/-/emoji-regex-10.6.0.tgz. Extracting by manifest.
1681 silly tarball no local data for string-width@https://registry.npmmirror.com/string-width/-/string-width-3.1.0.tgz. Extracting by manifest.
1682 silly tarball no local data for emoji-regex@https://registry.npmmirror.com/emoji-regex/-/emoji-regex-7.0.3.tgz. Extracting by manifest.
1683 silly tarball no local data for string-width@https://registry.npmmirror.com/string-width/-/string-width-7.2.0.tgz. Extracting by manifest.
1684 silly tarball no local data for ansi-styles@https://registry.npmmirror.com/ansi-styles/-/ansi-styles-6.2.3.tgz. Extracting by manifest.
1685 silly tarball no local data for slice-ansi@https://registry.npmmirror.com/slice-ansi/-/slice-ansi-2.1.0.tgz. Extracting by manifest.
1686 http fetch POST 404 https://registry.npmmirror.com/-/npm/v1/security/audits/quick 109ms
1687 verbose audit error HttpErrorGeneral: 404 Not Found - POST https://registry.npmmirror.com/-/npm/v1/security/audits/quick - [NOT_IMPLEMENTED] /-/npm/v1/security/* not implemented yet
1687 verbose audit error     at D:\nvm\nvm\v22.20.0\node_modules\npm\node_modules\npm-registry-fetch\lib\check-response.js:103:15
1687 verbose audit error     at process.processTicksAndRejections (node:internal/process/task_queues:105:5)
1687 verbose audit error     at async [getReport] (D:\nvm\nvm\v22.20.0\node_modules\npm\node_modules\@npmcli\arborist\lib\audit-report.js:336:21)
1687 verbose audit error     at async AuditReport.run (D:\nvm\nvm\v22.20.0\node_modules\npm\node_modules\@npmcli\arborist\lib\audit-report.js:106:19) {
1687 verbose audit error   headers: [Object: null prototype] {
1687 verbose audit error     server: [ 'Tengine' ],
1687 verbose audit error     date: [ 'Sat, 29 Aug 2026 08:01:37 GMT' ],
1687 verbose audit error     'content-type': [ 'application/json' ],
1687 verbose audit error     'transfer-encoding': [ 'chunked' ],
1687 verbose audit error     connection: [ 'keep-alive' ],
1687 verbose audit error     'strict-transport-security': [ 'max-age=5184000' ],
1687 verbose audit error     via: [ 'cache16.cn2402[,404666]' ],
1687 verbose audit error     'timing-allow-origin': [ '*' ],
1687 verbose audit error     eagleid: [ '6755922417879904971934288e' ],
1687 verbose audit error     'x-fetch-attempts': [ '1' ]
1687 verbose audit error   },
1687 verbose audit error   statusCode: 404,
1687 verbose audit error   code: 'E404',
1687 verbose audit error   method: 'POST',
1687 verbose audit error   uri: 'https://registry.npmmirror.com/-/npm/v1/security/audits/quick',
1687 verbose audit error   body: {
1687 verbose audit error     error: '[NOT_IMPLEMENTED] /-/npm/v1/security/* not implemented yet'
1687 verbose audit error   },
1687 verbose audit error   pkgid: undefined
1687 verbose audit error }
1688 silly audit error [object Object]
1689 silly audit report null
1690 silly tarball no local data for wrap-ansi@https://registry.npmmirror.com/wrap-ansi/-/wrap-ansi-9.0.2.tgz. Extracting by manifest.
1691 http fetch GET 200 https://cdn.npmmirror.com/packages/safe-buffer/5.2.1/safe-buffer-5.2.1.tgz 806ms (cache miss)
1692 http fetch GET 200 https://cdn.npmmirror.com/packages/ms/2.1.3/ms-2.1.3.tgz 803ms (cache miss)
1693 http fetch GET 200 https://cdn.npmmirror.com/packages/string_decoder/1.3.0/string_decoder-1.3.0.tgz 813ms (cache miss)
1694 http fetch GET 200 https://cdn.npmmirror.com/packages/eastasianwidth/0.2.0/eastasianwidth-0.2.0.tgz 815ms (cache miss)
1695 http fetch GET 200 https://cdn.npmmirror.com/packages/is-stream/2.0.1/is-stream-2.0.1.tgz 807ms (cache miss)
1696 http fetch GET 200 https://cdn.npmmirror.com/packages/get-east-asian-width/1.6.0/get-east-asian-width-1.6.0.tgz 822ms (cache miss)
1697 http fetch GET 200 https://cdn.npmmirror.com/packages/triple-beam/1.4.1/triple-beam-1.4.1.tgz 892ms (cache miss)
1698 http fetch GET 200 https://cdn.npmmirror.com/packages/one-time/1.0.0/one-time-1.0.0.tgz 894ms (cache miss)
1699 http fetch GET 200 https://cdn.npmmirror.com/packages/color/5.0.3/color-5.0.3.tgz 899ms (cache miss)
1700 http fetch GET 200 https://cdn.npmmirror.com/packages/safe-stable-stringify/2.5.0/safe-stable-stringify-2.5.0.tgz 898ms (cache miss)
1701 http fetch GET 200 https://cdn.npmmirror.com/packages/fecha/4.2.3/fecha-4.2.3.tgz 942ms (cache miss)
1702 http fetch GET 200 https://cdn.npmmirror.com/packages/astral-regex/1.0.0/astral-regex-1.0.0.tgz 955ms (cache miss)
1703 http fetch GET 200 https://cdn.npmmirror.com/packages/text-hex/1.0.0/text-hex-1.0.0.tgz 951ms (cache miss)
1704 http fetch GET 200 https://cdn.npmmirror.com/packages/inherits/2.0.4/inherits-2.0.4.tgz 953ms (cache miss)
1705 http fetch GET 200 https://cdn.npmmirror.com/packages/color-string/2.1.4/color-string-2.1.4.tgz 951ms (cache miss)
1706 http fetch GET 200 https://cdn.npmmirror.com/packages/util-deprecate/1.0.2/util-deprecate-1.0.2.tgz 957ms (cache miss)
1707 http fetch GET 200 https://cdn.npmmirror.com/packages/punycode/2.3.1/punycode-2.3.1.tgz 972ms (cache miss)
1708 http fetch GET 200 https://cdn.npmmirror.com/packages/%40types/triple-beam/1.3.5/triple-beam-1.3.5.tgz 990ms (cache miss)
1709 http fetch GET 200 https://cdn.npmmirror.com/packages/fast-deep-equal/3.1.3/fast-deep-equal-3.1.3.tgz 983ms (cache miss)
1710 http fetch GET 200 https://cdn.npmmirror.com/packages/enabled/2.0.0/enabled-2.0.0.tgz 996ms (cache miss)
1711 http fetch GET 200 https://cdn.npmmirror.com/packages/kuler/2.0.0/kuler-2.0.0.tgz 998ms (cache miss)
1712 http fetch GET 200 https://cdn.npmmirror.com/packages/fn.name/1.1.0/fn.name-1.1.0.tgz 1010ms (cache miss)
1713 http fetch GET 200 https://cdn.npmmirror.com/packages/ansi-regex/6.3.0/ansi-regex-6.3.0.tgz 1007ms (cache miss)
1714 http fetch GET 200 https://cdn.npmmirror.com/packages/stack-trace/0.0.10/stack-trace-0.0.10.tgz 1017ms (cache miss)
1715 http fetch GET 200 https://cdn.npmmirror.com/packages/%40so-ric/colorspace/1.1.6/colorspace-1.1.6.tgz 1047ms (cache miss)
1716 http fetch GET 200 https://cdn.npmmirror.com/packages/isexe/2.0.0/isexe-2.0.0.tgz 1043ms (cache miss)
1717 http fetch GET 200 https://cdn.npmmirror.com/packages/winston-transport/4.9.0/winston-transport-4.9.0.tgz 1053ms (cache miss)
1718 http fetch GET 200 https://cdn.npmmirror.com/packages/shebang-regex/3.0.0/shebang-regex-3.0.0.tgz 1064ms (cache miss)
1719 http fetch GET 200 https://cdn.npmmirror.com/packages/json-schema-traverse/0.4.1/json-schema-traverse-0.4.1.tgz 1075ms (cache miss)
1720 http fetch GET 200 https://cdn.npmmirror.com/packages/has-flag/4.0.0/has-flag-4.0.0.tgz 1077ms (cache miss)
1721 http fetch GET 200 https://cdn.npmmirror.com/packages/%40dabh/diagnostics/2.0.8/diagnostics-2.0.8.tgz 1081ms (cache miss)
1722 http fetch GET 200 https://cdn.npmmirror.com/packages/is-number/7.0.0/is-number-7.0.0.tgz 1089ms (cache miss)
1723 http fetch GET 200 https://cdn.npmmirror.com/packages/detect-libc/2.1.2/detect-libc-2.1.2.tgz 1086ms (cache miss)
1724 http fetch GET 200 https://cdn.npmmirror.com/packages/emoji-regex/8.0.0/emoji-regex-8.0.0.tgz 1088ms (cache miss)
1725 http fetch GET 200 https://cdn.npmmirror.com/packages/fast-json-stable-stringify/2.1.0/fast-json-stable-stringify-2.1.0.tgz 1102ms (cache miss)
1726 http fetch GET 200 https://cdn.npmmirror.com/packages/%40img/colour/1.1.0/colour-1.1.0.tgz 1105ms (cache miss)
1727 http fetch GET 200 https://cdn.npmmirror.com/packages/fetch-blob/3.2.0/fetch-blob-3.2.0.tgz 1108ms (cache miss)
1728 http fetch GET 200 https://cdn.npmmirror.com/packages/readable-stream/3.6.2/readable-stream-3.6.2.tgz 1122ms (cache miss)
1729 http fetch GET 200 https://cdn.npmmirror.com/packages/tslib/2.8.1/tslib-2.8.1.tgz 1128ms (cache miss)
1730 http fetch GET 200 https://cdn.npmmirror.com/packages/mimic-function/5.0.1/mimic-function-5.0.1.tgz 1134ms (cache miss)
1731 http fetch GET 200 https://cdn.npmmirror.com/packages/formdata-polyfill/4.0.10/formdata-polyfill-4.0.10.tgz 1138ms (cache miss)
1732 http fetch GET 200 https://cdn.npmmirror.com/packages/uri-js/4.4.1/uri-js-4.4.1.tgz 1199ms (cache miss)
1733 http fetch GET 200 https://cdn.npmmirror.com/packages/onetime/7.0.0/onetime-7.0.0.tgz 1192ms (cache miss)
1734 http fetch GET 200 https://cdn.npmmirror.com/packages/is-fullwidth-code-point/4.0.0/is-fullwidth-code-point-4.0.0.tgz 1196ms (cache miss)
1735 http fetch GET 200 https://cdn.npmmirror.com/packages/sisteransi/1.0.5/sisteransi-1.0.5.tgz 1195ms (cache miss)
1736 http fetch GET 200 https://cdn.npmmirror.com/packages/balanced-match/1.0.2/balanced-match-1.0.2.tgz 1205ms (cache miss)
1737 http fetch GET 200 https://cdn.npmmirror.com/packages/logform/2.7.0/logform-2.7.0.tgz 1223ms (cache miss)
1738 http fetch GET 200 https://cdn.npmmirror.com/packages/semver/7.8.5/semver-7.8.5.tgz 1221ms (cache miss)
1739 http fetch GET 200 https://cdn.npmmirror.com/packages/brace-expansion/2.1.4/brace-expansion-2.1.4.tgz 1214ms (cache miss)
1740 http fetch GET 200 https://cdn.npmmirror.com/packages/mime-db/1.52.0/mime-db-1.52.0.tgz 1220ms (cache miss)
1741 http fetch GET 200 https://cdn.npmmirror.com/packages/%40emnapi/runtime/1.11.3/runtime-1.11.3.tgz 1293ms (cache miss)
1742 http fetch GET 200 https://cdn.npmmirror.com/packages/is-buffer/1.1.6/is-buffer-1.1.6.tgz 1306ms (cache miss)
1743 http fetch GET 200 https://cdn.npmmirror.com/packages/async/3.2.6/async-3.2.6.tgz 1356ms (cache miss)
1744 http fetch GET 200 https://cdn.npmmirror.com/packages/iota-array/1.0.0/iota-array-1.0.0.tgz 1397ms (cache miss)
1745 http fetch GET 200 https://cdn.npmmirror.com/packages/to-regex-range/5.0.1/to-regex-range-5.0.1.tgz 1394ms (cache miss)
1746 http fetch GET 200 https://cdn.npmmirror.com/packages/fill-range/7.1.1/fill-range-7.1.1.tgz 1402ms (cache miss)
1747 http fetch GET 200 https://cdn.npmmirror.com/packages/cwise-compiler/1.1.3/cwise-compiler-1.1.3.tgz 1408ms (cache miss)
1748 http fetch GET 200 https://cdn.npmmirror.com/packages/picomatch/2.3.2/picomatch-2.3.2.tgz 1419ms (cache miss)
1749 http fetch GET 200 https://cdn.npmmirror.com/packages/data-uri-to-buffer/4.0.1/data-uri-to-buffer-4.0.1.tgz 1428ms (cache miss)
1750 http fetch GET 200 https://cdn.npmmirror.com/packages/%40types/ndarray/1.1.0/ndarray-1.1.0.tgz 1440ms (cache miss)
1751 http fetch GET 200 https://cdn.npmmirror.com/packages/braces/3.0.3/braces-3.0.3.tgz 1438ms (cache miss)
1752 http fetch GET 200 https://cdn.npmmirror.com/packages/uniq/1.0.1/uniq-1.0.1.tgz 1457ms (cache miss)
1753 http fetch GET 200 https://cdn.npmmirror.com/packages/log-update/6.1.0/log-update-6.1.0.tgz 1509ms (cache miss)
1754 http fetch GET 200 https://cdn.npmmirror.com/packages/environment/1.1.0/environment-1.1.0.tgz 1522ms (cache miss)
1755 http fetch GET 200 https://cdn.npmmirror.com/packages/cli-cursor/5.0.0/cli-cursor-5.0.0.tgz 1629ms (cache miss)
1756 http fetch GET 200 https://cdn.npmmirror.com/packages/cli-truncate/4.0.0/cli-truncate-4.0.0.tgz 1636ms (cache miss)
1757 http fetch GET 200 https://cdn.npmmirror.com/packages/ndarray-ops/1.2.2/ndarray-ops-1.2.2.tgz 1643ms (cache miss)
1758 http fetch GET 200 https://cdn.npmmirror.com/packages/node-domexception/1.0.0/node-domexception-1.0.0.tgz 1648ms (cache miss)
1759 http fetch GET 200 https://cdn.npmmirror.com/packages/wrap-ansi/7.0.0/wrap-ansi-7.0.0.tgz 1643ms (cache miss)
1760 http fetch GET 200 https://cdn.npmmirror.com/packages/restore-cursor/5.1.0/restore-cursor-5.1.0.tgz 1652ms (cache miss)
1761 http fetch GET 200 https://cdn.npmmirror.com/packages/lru-cache/10.4.3/lru-cache-10.4.3.tgz 1660ms (cache miss)
1762 http fetch GET 200 https://cdn.npmmirror.com/packages/rfdc/1.4.1/rfdc-1.4.1.tgz 1653ms (cache miss)
1763 http fetch GET 200 https://cdn.npmmirror.com/packages/string-width/4.2.3/string-width-4.2.3.tgz 1651ms (cache miss)
1764 http fetch GET 200 https://cdn.npmmirror.com/packages/shebang-command/2.0.0/shebang-command-2.0.0.tgz 1651ms (cache miss)
1765 http fetch GET 200 https://cdn.npmmirror.com/packages/ansi-escapes/7.3.0/ansi-escapes-7.3.0.tgz 1655ms (cache miss)
1766 http fetch GET 200 https://cdn.npmmirror.com/packages/strip-ansi/6.0.1/strip-ansi-6.0.1.tgz 1655ms (cache miss)
1767 http fetch GET 200 https://cdn.npmmirror.com/packages/which/2.0.2/which-2.0.2.tgz 1662ms (cache miss)
1768 http fetch GET 200 https://cdn.npmmirror.com/packages/%40isaacs/cliui/8.0.2/cliui-8.0.2.tgz 1673ms (cache miss)
1769 http fetch GET 200 https://cdn.npmmirror.com/packages/colorette/2.0.20/colorette-2.0.20.tgz 1707ms (cache miss)
1770 http fetch GET 200 https://cdn.npmmirror.com/packages/%40pkgjs/parseargs/0.11.0/parseargs-0.11.0.tgz 1709ms (cache miss)
1771 http fetch GET 200 https://cdn.npmmirror.com/packages/eventemitter3/5.0.4/eventemitter3-5.0.4.tgz 1714ms (cache miss)
1772 warn deprecated node-domexception@1.0.0: Use your platform's native DOMException instead
1773 http fetch GET 200 https://cdn.npmmirror.com/packages/signal-exit/4.1.0/signal-exit-4.1.0.tgz 1763ms (cache miss)
1774 http fetch GET 200 https://cdn.npmmirror.com/packages/strip-ansi/7.2.0/strip-ansi-7.2.0.tgz 1772ms (cache miss)
1775 http fetch GET 200 https://cdn.npmmirror.com/packages/path-key/3.1.1/path-key-3.1.1.tgz 1770ms (cache miss)
1776 http fetch GET 200 https://cdn.npmmirror.com/packages/cross-spawn/7.0.6/cross-spawn-7.0.6.tgz 1777ms (cache miss)
1777 http fetch GET 200 https://cdn.npmmirror.com/packages/ajv/6.15.0/ajv-6.15.0.tgz 1801ms (cache miss)
1778 http fetch GET 200 https://cdn.npmmirror.com/packages/slice-ansi/5.0.0/slice-ansi-5.0.0.tgz 2390ms (cache miss)
1779 http fetch GET 200 https://cdn.npmmirror.com/packages/package-json-from-dist/1.0.1/package-json-from-dist-1.0.1.tgz 2397ms (cache miss)
1780 http fetch GET 200 https://cdn.npmmirror.com/packages/es-define-property/1.0.1/es-define-property-1.0.1.tgz 2405ms (cache miss)
1781 http fetch GET 200 https://cdn.npmmirror.com/packages/call-bind-apply-helpers/1.0.2/call-bind-apply-helpers-1.0.2.tgz 2429ms (cache miss)
1782 http fetch GET 200 https://cdn.npmmirror.com/packages/math-intrinsics/1.1.0/math-intrinsics-1.1.0.tgz 2431ms (cache miss)
1783 http fetch GET 200 https://cdn.npmmirror.com/packages/minimatch/9.0.9/minimatch-9.0.9.tgz 2437ms (cache miss)
1784 http fetch GET 200 https://cdn.npmmirror.com/packages/gopd/1.2.0/gopd-1.2.0.tgz 2464ms (cache miss)
1785 http fetch GET 200 https://cdn.npmmirror.com/packages/dunder-proto/1.0.1/dunder-proto-1.0.1.tgz 2468ms (cache miss)
1786 http fetch GET 200 https://cdn.npmmirror.com/packages/has-symbols/1.1.0/has-symbols-1.1.0.tgz 2469ms (cache miss)
1787 http fetch GET 200 https://cdn.npmmirror.com/packages/function-bind/1.1.2/function-bind-1.1.2.tgz 2486ms (cache miss)
1788 http fetch GET 200 https://cdn.npmmirror.com/packages/string-width/4.2.3/string-width-4.2.3.tgz 2513ms (cache miss)
1789 http fetch GET 200 https://cdn.npmmirror.com/packages/supports-color/7.2.0/supports-color-7.2.0.tgz 2527ms (cache miss)
1790 http fetch GET 200 https://cdn.npmmirror.com/packages/delayed-stream/1.0.0/delayed-stream-1.0.0.tgz 2537ms (cache miss)
1791 http fetch GET 200 https://cdn.npmmirror.com/packages/minipass/7.1.3/minipass-7.1.3.tgz 2550ms (cache miss)
1792 http fetch GET 200 https://cdn.npmmirror.com/packages/hasown/2.0.4/hasown-2.0.4.tgz 2546ms (cache miss)
1793 http fetch GET 200 https://cdn.npmmirror.com/packages/mime-types/2.1.35/mime-types-2.1.35.tgz 2554ms (cache miss)
1794 http fetch GET 200 https://cdn.npmmirror.com/packages/get-proto/1.0.1/get-proto-1.0.1.tgz 2559ms (cache miss)
1795 http fetch GET 200 https://cdn.npmmirror.com/packages/has-tostringtag/1.0.2/has-tostringtag-1.0.2.tgz 2569ms (cache miss)
1796 http fetch GET 200 https://cdn.npmmirror.com/packages/es-set-tostringtag/2.1.0/es-set-tostringtag-2.1.0.tgz 2576ms (cache miss)
1797 http fetch GET 200 https://cdn.npmmirror.com/packages/kleur/3.0.3/kleur-3.0.3.tgz 2577ms (cache miss)
1798 http fetch GET 200 https://cdn.npmmirror.com/packages/color-name/1.1.4/color-name-1.1.4.tgz 2592ms (cache miss)
1799 http fetch GET 200 https://cdn.npmmirror.com/packages/ansi-styles/4.3.0/ansi-styles-4.3.0.tgz 2592ms (cache miss)
1800 http fetch GET 200 https://cdn.npmmirror.com/packages/combined-stream/1.0.8/combined-stream-1.0.8.tgz 2595ms (cache miss)
1801 http fetch GET 200 https://cdn.npmmirror.com/packages/language-subtag-registry/0.3.23/language-subtag-registry-0.3.23.tgz 2607ms (cache miss)
1802 http fetch GET 200 https://cdn.npmmirror.com/packages/es-object-atoms/1.1.2/es-object-atoms-1.1.2.tgz 2608ms (cache miss)
1803 http fetch GET 200 https://cdn.npmmirror.com/packages/asynckit/0.4.0/asynckit-0.4.0.tgz 2609ms (cache miss)
1804 http fetch GET 200 https://cdn.npmmirror.com/packages/get-intrinsic/1.3.0/get-intrinsic-1.3.0.tgz 2611ms (cache miss)
1805 http fetch GET 200 https://cdn.npmmirror.com/packages/jackspeak/3.4.3/jackspeak-3.4.3.tgz 2615ms (cache miss)
1806 http fetch GET 200 https://cdn.npmmirror.com/packages/ndarray-pixels/5.2.0/ndarray-pixels-5.2.0.tgz 2613ms (cache miss)
1807 http fetch GET 200 https://cdn.npmmirror.com/packages/es-errors/1.3.0/es-errors-1.3.0.tgz 2622ms (cache miss)
1808 http fetch GET 200 https://cdn.npmmirror.com/packages/foreground-child/3.3.1/foreground-child-3.3.1.tgz 2628ms (cache miss)
1809 http fetch GET 200 https://cdn.npmmirror.com/packages/%40types/braces/3.0.5/braces-3.0.5.tgz 2662ms (cache miss)
1810 http fetch GET 200 https://cdn.npmmirror.com/packages/%40types/minimatch/5.1.2/minimatch-5.1.2.tgz 2669ms (cache miss)
1811 http fetch GET 200 https://cdn.npmmirror.com/packages/%40colors/colors/1.5.0/colors-1.5.0.tgz 2780ms (cache miss)
1812 http fetch GET 200 https://cdn.npmmirror.com/packages/property-graph/4.1.0/property-graph-4.1.0.tgz 2780ms (cache miss)
1813 http fetch GET 200 https://cdn.npmmirror.com/packages/color-convert/2.0.1/color-convert-2.0.1.tgz 2782ms (cache miss)
1814 http fetch GET 200 https://cdn.npmmirror.com/packages/ndarray-lanczos/0.3.0/ndarray-lanczos-0.3.0.tgz 2783ms (cache miss)
1815 http fetch GET 200 https://cdn.npmmirror.com/packages/form-data/4.0.6/form-data-4.0.6.tgz 2788ms (cache miss)
1816 http fetch GET 200 https://cdn.npmmirror.com/packages/chalk/3.0.0/chalk-3.0.0.tgz 2792ms (cache miss)
1817 http fetch GET 200 https://cdn.npmmirror.com/packages/path-scurry/1.11.1/path-scurry-1.11.1.tgz 3382ms (cache miss)
1818 http fetch GET 200 https://cdn.npmmirror.com/packages/%40types/wrap-ansi/8.0.2/wrap-ansi-8.0.2.tgz 3381ms (cache miss)
1819 http fetch GET 200 https://cdn.npmmirror.com/packages/wrap-ansi/8.1.0/wrap-ansi-8.1.0.tgz 3393ms (cache miss)
1820 http fetch GET 200 https://cdn.npmmirror.com/packages/ndarray/1.1.1/ndarray-1.1.1.tgz 3398ms (cache miss)
1821 http fetch GET 200 https://cdn.npmmirror.com/packages/%40types/table/5.0.0/table-5.0.0.tgz 3445ms (cache miss)
1822 http cache https://cdn.npmmirror.com/packages/strip-ansi/6.0.1/strip-ansi-6.0.1.tgz 3428ms (cache hit)
1823 http cache https://cdn.npmmirror.com/packages/strip-ansi/6.0.1/strip-ansi-6.0.1.tgz 3434ms (cache hit)
1824 http cache https://cdn.npmmirror.com/packages/strip-ansi/6.0.1/strip-ansi-6.0.1.tgz 3432ms (cache hit)
1825 http fetch GET 200 https://cdn.npmmirror.com/packages/tmp/0.2.7/tmp-0.2.7.tgz 3463ms (cache miss)
1826 http fetch GET 200 https://cdn.npmmirror.com/packages/glob/10.4.5/glob-10.4.5.tgz 3496ms (cache miss)
1827 http fetch GET 200 https://cdn.npmmirror.com/packages/winston/3.10.0/winston-3.10.0.tgz 3536ms (cache miss)
1828 http fetch GET 200 https://cdn.npmmirror.com/packages/node-fetch/3.3.2/node-fetch-3.3.2.tgz 3533ms (cache miss)
1829 http fetch GET 200 https://cdn.npmmirror.com/packages/meshoptimizer/1.0.1/meshoptimizer-1.0.1.tgz 3536ms (cache miss)
1830 http fetch GET 200 https://cdn.npmmirror.com/packages/%40types/node-fetch/2.6.13/node-fetch-2.6.13.tgz 3573ms (cache miss)
1831 http fetch GET 200 https://cdn.npmmirror.com/packages/language-tags/2.1.0/language-tags-2.1.0.tgz 3579ms (cache miss)
1832 http fetch GET 200 https://cdn.npmmirror.com/packages/mikktspace/1.1.1/mikktspace-1.1.1.tgz 3591ms (cache miss)
1833 http fetch GET 200 https://cdn.npmmirror.com/packages/table/5.4.6/table-5.4.6.tgz 3619ms (cache miss)
1834 http fetch GET 200 https://cdn.npmmirror.com/packages/ktx-parse/1.1.0/ktx-parse-1.1.0.tgz 3802ms (cache miss)
1835 http fetch GET 200 https://cdn.npmmirror.com/packages/sharp/0.34.5/sharp-0.34.5.tgz 3819ms (cache miss)
1836 http fetch GET 200 https://cdn.npmmirror.com/packages/prompts/2.4.2/prompts-2.4.2.tgz 3825ms (cache miss)
1837 http fetch GET 200 https://cdn.npmmirror.com/packages/%40types/glob/8.1.0/glob-8.1.0.tgz 3866ms (cache miss)
1838 http fetch GET 200 https://cdn.npmmirror.com/packages/%40types/lodash/4.17.25/lodash-4.17.25.tgz 4340ms (cache miss)
1839 http fetch GET 200 https://cdn.npmmirror.com/packages/cli-table3/0.6.5/cli-table3-0.6.5.tgz 4374ms (cache miss)
1840 http fetch GET 200 https://cdn.npmmirror.com/packages/keyframe-resample/0.1.0/keyframe-resample-0.1.0.tgz 4414ms (cache miss)
1841 http fetch GET 200 https://cdn.npmmirror.com/packages/micromatch/4.0.8/micromatch-4.0.8.tgz 4419ms (cache miss)
1842 http fetch GET 200 https://cdn.npmmirror.com/packages/%40types/prompts/2.4.9/prompts-2.4.9.tgz 4459ms (cache miss)
1843 http fetch GET 200 https://cdn.npmmirror.com/packages/%40types/tmp/0.2.6/tmp-0.2.6.tgz 4463ms (cache miss)
1844 http fetch GET 200 https://cdn.npmmirror.com/packages/listr2/8.3.3/listr2-8.3.3.tgz 4490ms (cache miss)
1845 http fetch GET 200 https://cdn.npmmirror.com/packages/%40types/micromatch/4.0.10/micromatch-4.0.10.tgz 4573ms (cache miss)
1846 http fetch GET 200 https://cdn.npmmirror.com/packages/%40types/language-tags/1.0.4/language-tags-1.0.4.tgz 4572ms (cache miss)
1847 http fetch GET 200 https://cdn.npmmirror.com/packages/gltf-validator/2.0.0-dev.3.10/gltf-validator-2.0.0-dev.3.10.tgz 4589ms (cache miss)
1848 http fetch GET 200 https://cdn.npmmirror.com/packages/%40colors/colors/1.6.0/colors-1.6.0.tgz 4656ms (cache miss)
1849 http fetch GET 200 https://cdn.npmmirror.com/packages/%40gltf-transform/functions/4.4.2/functions-4.4.2.tgz 4805ms (cache miss)
1850 http fetch GET 200 https://cdn.npmmirror.com/packages/%40donmccurdy/caporal/0.0.10/caporal-0.0.10.tgz 4900ms (cache miss)
1851 http fetch GET 200 https://cdn.npmmirror.com/packages/lodash/4.18.1/lodash-4.18.1.tgz 4941ms (cache miss)
1852 http fetch GET 200 https://cdn.npmmirror.com/packages/color-name/2.1.1/color-name-2.1.1.tgz 5356ms (cache miss)
1853 http fetch GET 200 https://cdn.npmmirror.com/packages/color-convert/3.1.3/color-convert-3.1.3.tgz 5536ms (cache miss)
1854 http fetch GET 200 https://cdn.npmmirror.com/packages/wrap-ansi/9.0.2/wrap-ansi-9.0.2.tgz 5535ms (cache miss)
1855 http fetch GET 200 https://cdn.npmmirror.com/packages/watlas/1.0.1/watlas-1.0.1.tgz 5548ms (cache miss)
1856 http fetch GET 200 https://cdn.npmmirror.com/packages/string-width/7.2.0/string-width-7.2.0.tgz 5541ms (cache miss)
1857 http fetch GET 200 https://cdn.npmmirror.com/packages/is-fullwidth-code-point/5.1.0/is-fullwidth-code-point-5.1.0.tgz 5546ms (cache miss)
1858 http fetch GET 200 https://cdn.npmmirror.com/packages/string-width/7.2.0/string-width-7.2.0.tgz 5597ms (cache miss)
1859 http fetch GET 200 https://cdn.npmmirror.com/packages/color-name/2.1.1/color-name-2.1.1.tgz 5599ms (cache miss)
1860 http fetch GET 200 https://cdn.npmmirror.com/packages/emoji-regex/10.6.0/emoji-regex-10.6.0.tgz 5607ms (cache miss)
1861 http fetch GET 200 https://cdn.npmmirror.com/packages/%40gltf-transform/extensions/4.4.2/extensions-4.4.2.tgz 5632ms (cache miss)
1862 http fetch GET 200 https://cdn.npmmirror.com/packages/ansi-regex/5.0.1/ansi-regex-5.0.1.tgz 5655ms (cache miss)
1863 http fetch GET 200 https://cdn.npmmirror.com/packages/ansi-regex/5.0.1/ansi-regex-5.0.1.tgz 5665ms (cache miss)
1864 http fetch GET 200 https://cdn.npmmirror.com/packages/ansi-regex/5.0.1/ansi-regex-5.0.1.tgz 5667ms (cache miss)
1865 http fetch GET 200 https://cdn.npmmirror.com/packages/slice-ansi/7.1.2/slice-ansi-7.1.2.tgz 5670ms (cache miss)
1866 http fetch GET 200 https://cdn.npmmirror.com/packages/ansi-styles/6.2.3/ansi-styles-6.2.3.tgz 5673ms (cache miss)
1867 http fetch GET 200 https://cdn.npmmirror.com/packages/is-fullwidth-code-point/3.0.0/is-fullwidth-code-point-3.0.0.tgz 5676ms (cache miss)
1868 http fetch GET 200 https://cdn.npmmirror.com/packages/ansi-styles/6.2.3/ansi-styles-6.2.3.tgz 5680ms (cache miss)
1869 http fetch GET 200 https://cdn.npmmirror.com/packages/ansi-regex/5.0.1/ansi-regex-5.0.1.tgz 5683ms (cache miss)
1870 http fetch GET 200 https://cdn.npmmirror.com/packages/csv-stringify/6.6.0/csv-stringify-6.6.0.tgz 5705ms (cache miss)
1871 http fetch GET 200 https://cdn.npmmirror.com/packages/emoji-regex/10.6.0/emoji-regex-10.6.0.tgz 5764ms (cache miss)
1872 http fetch GET 200 https://cdn.npmmirror.com/packages/string-width/5.1.2/string-width-5.1.2.tgz 5768ms (cache miss)
1873 http fetch GET 200 https://cdn.npmmirror.com/packages/is-fullwidth-code-point/3.0.0/is-fullwidth-code-point-3.0.0.tgz 5766ms (cache miss)
1874 http fetch GET 200 https://cdn.npmmirror.com/packages/emoji-regex/9.2.2/emoji-regex-9.2.2.tgz 5781ms (cache miss)
1875 http fetch GET 200 https://cdn.npmmirror.com/packages/%40gltf-transform/cli/4.4.2/cli-4.4.2.tgz 5800ms (cache miss)
1876 http fetch GET 200 https://cdn.npmmirror.com/packages/ansi-regex/4.1.1/ansi-regex-4.1.1.tgz 6091ms (cache miss)
1877 http fetch GET 200 https://cdn.npmmirror.com/packages/ansi-styles/6.2.3/ansi-styles-6.2.3.tgz 6399ms (cache miss)
1878 http fetch GET 200 https://cdn.npmmirror.com/packages/color-name/1.1.3/color-name-1.1.3.tgz 6412ms (cache miss)
1879 http fetch GET 200 https://cdn.npmmirror.com/packages/slice-ansi/2.1.0/slice-ansi-2.1.0.tgz 6445ms (cache miss)
1880 http fetch GET 200 https://cdn.npmmirror.com/packages/emoji-regex/7.0.3/emoji-regex-7.0.3.tgz 6461ms (cache miss)
1881 http fetch GET 200 https://cdn.npmmirror.com/packages/emoji-regex/9.2.2/emoji-regex-9.2.2.tgz 6468ms (cache miss)
1882 http fetch GET 200 https://cdn.npmmirror.com/packages/emoji-regex/10.6.0/emoji-regex-10.6.0.tgz 6491ms (cache miss)
1883 http fetch GET 200 https://cdn.npmmirror.com/packages/string-width/7.2.0/string-width-7.2.0.tgz 6520ms (cache miss)
1884 http fetch GET 200 https://cdn.npmmirror.com/packages/string-width/5.1.2/string-width-5.1.2.tgz 6546ms (cache miss)
1885 http fetch GET 200 https://cdn.npmmirror.com/packages/ansi-styles/6.2.3/ansi-styles-6.2.3.tgz 6544ms (cache miss)
1886 http fetch GET 200 https://cdn.npmmirror.com/packages/is-fullwidth-code-point/2.0.0/is-fullwidth-code-point-2.0.0.tgz 6585ms (cache miss)
1887 http fetch GET 200 https://cdn.npmmirror.com/packages/string-width/3.1.0/string-width-3.1.0.tgz 6586ms (cache miss)
1888 http fetch GET 200 https://cdn.npmmirror.com/packages/color-convert/1.9.3/color-convert-1.9.3.tgz 6591ms (cache miss)
1889 http fetch GET 200 https://cdn.npmmirror.com/packages/strip-ansi/5.2.0/strip-ansi-5.2.0.tgz 6600ms (cache miss)
1890 http fetch GET 200 https://cdn.npmmirror.com/packages/wrap-ansi/9.0.2/wrap-ansi-9.0.2.tgz 6628ms (cache miss)
1891 http fetch GET 200 https://cdn.npmmirror.com/packages/ansi-styles/3.2.1/ansi-styles-3.2.1.tgz 6650ms (cache miss)
1892 http fetch GET 200 https://cdn.npmmirror.com/packages/draco3dgltf/1.5.7/draco3dgltf-1.5.7.tgz 6678ms (cache miss)
1893 http fetch GET 200 https://cdn.npmmirror.com/packages/sharp/0.35.4/sharp-0.35.4.tgz 6755ms (cache miss)
1894 http fetch GET 200 https://cdn.npmmirror.com/packages/%40gltf-transform/core/4.4.2/core-4.4.2.tgz 7793ms (cache miss)
1895 http fetch GET 200 https://cdn.npmmirror.com/packages/web-streams-polyfill/3.3.3/web-streams-polyfill-3.3.3.tgz 9561ms (cache miss)
1896 http fetch GET 200 https://cdn.npmmirror.com/packages/%40types/node/20.5.6/node-20.5.6.tgz 9660ms (cache miss)
1897 http fetch GET 200 https://cdn.npmmirror.com/packages/%40img/sharp-wasm32/0.35.4/sharp-wasm32-0.35.4.tgz 14972ms (cache miss)
1898 http fetch GET 200 https://cdn.npmmirror.com/packages/%40img/sharp-wasm32/0.35.4/sharp-wasm32-0.35.4.tgz 15647ms (cache miss)
1899 http fetch GET 200 https://cdn.npmmirror.com/packages/%40img/sharp-win32-x64/0.34.5/sharp-win32-x64-0.34.5.tgz 20737ms (cache miss)
1900 http fetch GET 200 https://cdn.npmmirror.com/packages/%40img/sharp-win32-x64/0.35.4/sharp-win32-x64-0.35.4.tgz 21553ms (cache miss)
1901 info run sharp@0.34.5 install node_modules/sharp node install/check.js || npm run build
1902 info run sharp@0.34.5 install { code: 0, signal: null }
1903 verbose cwd E:\wokSpace\viewweb\sc-datav
1904 verbose os Windows_NT 10.0.26200
1905 verbose node v22.20.0
1906 verbose npm  v10.9.3
1907 notice
1907 notice New [31mmajor[39m version of npm available! [31m10.9.3[39m -> [34m12.0.2[39m
1907 notice Changelog: [34mhttps://github.com/npm/cli/releases/tag/v12.0.2[39m
1907 notice To update run: [4mnpm install -g npm@12.0.2[24m
1907 notice  { force: true, [Symbol(proc-log.meta)]: true }
1908 verbose exit 0
1909 info ok
